kernel_name,kernel_provider,kernel_operation_mode,metric_name,metric_unit,x_name,x_label,x_value,y_value_50,y_value_20,y_value_80,extra_benchmark_config_str,gpu_name,timestamp,liger_version
cross_entropy,liger,forward,speed,ms,BT,B * T,1024,0.39423999190330505,0.39215999841690063,0.3984063923358917,"{""vocab_size"": 128256}",NVIDIA B200,2026-05-14 10:22:07,0.8.0
cross_entropy,liger,forward,speed,ms,BT,B * T,2048,0.6676480174064636,0.6646016001701355,0.6706879734992981,"{""vocab_size"": 128256}",NVIDIA B200,2026-05-14 10:22:07,0.8.0
cross_entropy,liger,forward,speed,ms,BT,B * T,4096,1.1909120082855225,1.1868159770965576,1.1949759721755981,"{""vocab_size"": 128256}",NVIDIA B200,2026-05-14 10:22:07,0.8.0
cross_entropy,liger,forward,speed,ms,BT,B * T,8192,2.2262719869613647,2.2231040000915527,2.230304002761841,"{""vocab_size"": 128256}",NVIDIA B200,2026-05-14 10:22:07,0.8.0
cross_entropy,liger,forward,speed,ms,BT,B * T,16384,4.288479804992676,4.286496162414551,4.292191886901856,"{""vocab_size"": 128256}",NVIDIA B200,2026-05-14 10:22:07,0.8.0
cross_entropy,liger,forward,speed,ms,BT,B * T,32768,8.423423767089844,8.420319557189941,8.424448013305664,"{""vocab_size"": 128256}",NVIDIA B200,2026-05-14 10:22:07,0.8.0
cross_entropy,huggingface,forward,speed,ms,BT,B * T,1024,0.39427199959754944,0.39417600631713867,0.3943679928779602,"{""vocab_size"": 128256}",NVIDIA B200,2026-05-14 10:22:08,0.8.0
cross_entropy,huggingface,forward,speed,ms,BT,B * T,2048,0.7178559899330139,0.7177919745445251,0.7179840207099915,"{""vocab_size"": 128256}",NVIDIA B200,2026-05-14 10:22:08,0.8.0
cross_entropy,huggingface,forward,speed,ms,BT,B * T,4096,1.3915519714355469,1.389683222770691,1.3916927814483642,"{""vocab_size"": 128256}",NVIDIA B200,2026-05-14 10:22:08,0.8.0
cross_entropy,huggingface,forward,speed,ms,BT,B * T,8192,2.720832109451294,2.7188799381256104,2.722752094268799,"{""vocab_size"": 128256}",NVIDIA B200,2026-05-14 10:22:08,0.8.0
cross_entropy,huggingface,forward,speed,ms,BT,B * T,16384,5.357471942901611,5.355923366546631,5.360595321655273,"{""vocab_size"": 128256}",NVIDIA B200,2026-05-14 10:22:08,0.8.0
cross_entropy,huggingface,forward,speed,ms,BT,B * T,32768,10.648639678955078,10.648025703430175,10.650726318359375,"{""vocab_size"": 128256}",NVIDIA B200,2026-05-14 10:22:08,0.8.0
cross_entropy,tilegym,forward,speed,ms,BT,B * T,1024,0.3757439851760864,0.3717440068721771,0.3778879940509796,"{""vocab_size"": 128256}",NVIDIA B200,2026-05-14 10:22:09,0.8.0
cross_entropy,tilegym,forward,speed,ms,BT,B * T,2048,0.6216319799423218,0.619488000869751,0.6236799955368042,"{""vocab_size"": 128256}",NVIDIA B200,2026-05-14 10:22:09,0.8.0
cross_entropy,tilegym,forward,speed,ms,BT,B * T,4096,1.1059520244598389,1.1028480529785156,1.1090240478515625,"{""vocab_size"": 128256}",NVIDIA B200,2026-05-14 10:22:09,0.8.0
cross_entropy,tilegym,forward,speed,ms,BT,B * T,8192,2.0121920108795166,2.0090560913085938,2.01679368019104,"{""vocab_size"": 128256}",NVIDIA B200,2026-05-14 10:22:09,0.8.0
cross_entropy,tilegym,forward,speed,ms,BT,B * T,16384,3.8328959941864014,3.8308032035827635,3.8363839626312255,"{""vocab_size"": 128256}",NVIDIA B200,2026-05-14 10:22:09,0.8.0
cross_entropy,tilegym,forward,speed,ms,BT,B * T,32768,7.489535808563232,7.487481594085693,7.4912190437316895,"{""vocab_size"": 128256}",NVIDIA B200,2026-05-14 10:22:09,0.8.0
cross_entropy,liger,backward,speed,ms,BT,B * T,1024,0.21916800737380981,0.2181120067834854,0.22020479738712312,"{""vocab_size"": 128256}",NVIDIA B200,2026-05-14 10:22:10,0.8.0
cross_entropy,liger,backward,speed,ms,BT,B * T,2048,0.3840000033378601,0.3829759955406189,0.3850559890270233,"{""vocab_size"": 128256}",NVIDIA B200,2026-05-14 10:22:10,0.8.0
cross_entropy,liger,backward,speed,ms,BT,B * T,4096,0.7098240256309509,0.7085440158843994,0.7127040028572083,"{""vocab_size"": 128256}",NVIDIA B200,2026-05-14 10:22:10,0.8.0
cross_entropy,liger,backward,speed,ms,BT,B * T,8192,1.3650239706039429,1.363968014717102,1.3670143842697144,"{""vocab_size"": 128256}",NVIDIA B200,2026-05-14 10:22:10,0.8.0
cross_entropy,liger,backward,speed,ms,BT,B * T,16384,2.679919958114624,2.678816080093384,2.6819519996643066,"{""vocab_size"": 128256}",NVIDIA B200,2026-05-14 10:22:10,0.8.0
cross_entropy,liger,backward,speed,ms,BT,B * T,32768,5.312511920928955,5.3115137100219725,5.312607765197754,"{""vocab_size"": 128256}",NVIDIA B200,2026-05-14 10:22:10,0.8.0
cross_entropy,huggingface,backward,speed,ms,BT,B * T,1024,0.4803999960422516,0.47965441346168514,0.4821311950683594,"{""vocab_size"": 128256}",NVIDIA B200,2026-05-14 10:22:10,0.8.0
cross_entropy,huggingface,backward,speed,ms,BT,B * T,2048,0.8621760010719299,0.861190402507782,0.8632256150245666,"{""vocab_size"": 128256}",NVIDIA B200,2026-05-14 10:22:10,0.8.0
cross_entropy,huggingface,backward,speed,ms,BT,B * T,4096,1.696768045425415,1.6955968379974367,1.6968319416046143,"{""vocab_size"": 128256}",NVIDIA B200,2026-05-14 10:22:10,0.8.0
cross_entropy,huggingface,backward,speed,ms,BT,B * T,8192,3.290112018585205,3.2891391277313233,3.2911807537078857,"{""vocab_size"": 128256}",NVIDIA B200,2026-05-14 10:22:10,0.8.0
cross_entropy,huggingface,backward,speed,ms,BT,B * T,16384,6.499360084533691,6.497299289703369,6.500838565826417,"{""vocab_size"": 128256}",NVIDIA B200,2026-05-14 10:22:10,0.8.0
cross_entropy,huggingface,backward,speed,ms,BT,B * T,32768,12.959263801574707,12.957682991027832,12.961177253723145,"{""vocab_size"": 128256}",NVIDIA B200,2026-05-14 10:22:10,0.8.0
cross_entropy,tilegym,backward,speed,ms,BT,B * T,1024,0.21913599967956543,0.2181120067834854,0.22015999257564545,"{""vocab_size"": 128256}",NVIDIA B200,2026-05-14 10:22:11,0.8.0
cross_entropy,tilegym,backward,speed,ms,BT,B * T,2048,0.38393598794937134,0.3829120099544525,0.38495999574661255,"{""vocab_size"": 128256}",NVIDIA B200,2026-05-14 10:22:11,0.8.0
cross_entropy,tilegym,backward,speed,ms,BT,B * T,4096,0.7136639952659607,0.7117120027542114,0.7138239741325378,"{""vocab_size"": 128256}",NVIDIA B200,2026-05-14 10:22:11,0.8.0
cross_entropy,tilegym,backward,speed,ms,BT,B * T,8192,1.3660160303115845,1.3649280071258545,1.3671040534973145,"{""vocab_size"": 128256}",NVIDIA B200,2026-05-14 10:22:11,0.8.0
cross_entropy,tilegym,backward,speed,ms,BT,B * T,16384,2.681936025619507,2.6807680130004883,2.6848959922790527,"{""vocab_size"": 128256}",NVIDIA B200,2026-05-14 10:22:11,0.8.0
cross_entropy,tilegym,backward,speed,ms,BT,B * T,32768,5.319712162017822,5.318700695037842,5.320723152160644,"{""vocab_size"": 128256}",NVIDIA B200,2026-05-14 10:22:11,0.8.0
cross_entropy,liger,full,speed,ms,BT,B * T,1024,0.6011199951171875,0.5990399718284607,0.6041600108146667,"{""vocab_size"": 128256}",NVIDIA B200,2026-05-14 10:22:12,0.8.0
cross_entropy,liger,full,speed,ms,BT,B * T,2048,1.032256007194519,1.025056004524231,1.0731903553009032,"{""vocab_size"": 128256}",NVIDIA B200,2026-05-14 10:22:12,0.8.0
cross_entropy,liger,full,speed,ms,BT,B * T,4096,1.9036799669265747,1.8913919925689697,1.9466880559921265,"{""vocab_size"": 128256}",NVIDIA B200,2026-05-14 10:22:12,0.8.0
cross_entropy,liger,full,speed,ms,BT,B * T,8192,3.5891520977020264,3.587110471725464,3.593196773529053,"{""vocab_size"": 128256}",NVIDIA B200,2026-05-14 10:22:12,0.8.0
cross_entropy,liger,full,speed,ms,BT,B * T,16384,6.863392114639282,6.8614400863647464,6.865753650665283,"{""vocab_size"": 128256}",NVIDIA B200,2026-05-14 10:22:12,0.8.0
cross_entropy,liger,full,speed,ms,BT,B * T,32768,13.41648006439209,13.41301155090332,13.42218246459961,"{""vocab_size"": 128256}",NVIDIA B200,2026-05-14 10:22:12,0.8.0
cross_entropy,huggingface,full,speed,ms,BT,B * T,1024,1.0926079750061035,1.0906495809555055,1.093670392036438,"{""vocab_size"": 128256}",NVIDIA B200,2026-05-14 10:22:13,0.8.0
cross_entropy,huggingface,full,speed,ms,BT,B * T,2048,2.0222880840301514,2.0203518867492676,2.0224640369415283,"{""vocab_size"": 128256}",NVIDIA B200,2026-05-14 10:22:13,0.8.0
cross_entropy,huggingface,full,speed,ms,BT,B * T,4096,3.975152015686035,3.9731199741363525,3.976576042175293,"{""vocab_size"": 128256}",NVIDIA B200,2026-05-14 10:22:13,0.8.0
cross_entropy,huggingface,full,speed,ms,BT,B * T,8192,7.795759916305542,7.793875217437744,7.796729373931885,"{""vocab_size"": 128256}",NVIDIA B200,2026-05-14 10:22:13,0.8.0
cross_entropy,huggingface,full,speed,ms,BT,B * T,16384,15.44649600982666,15.444864273071289,15.449151992797852,"{""vocab_size"": 128256}",NVIDIA B200,2026-05-14 10:22:13,0.8.0
cross_entropy,huggingface,full,speed,ms,BT,B * T,32768,30.77324867248535,30.77021484375,30.77509117126465,"{""vocab_size"": 128256}",NVIDIA B200,2026-05-14 10:22:13,0.8.0
cross_entropy,tilegym,full,speed,ms,BT,B * T,1024,0.5796160101890564,0.5765439867973328,0.5845440030097961,"{""vocab_size"": 128256}",NVIDIA B200,2026-05-14 10:22:14,0.8.0
cross_entropy,tilegym,full,speed,ms,BT,B * T,2048,0.9769119918346405,0.9738559722900391,0.9800320267677307,"{""vocab_size"": 128256}",NVIDIA B200,2026-05-14 10:22:14,0.8.0
cross_entropy,tilegym,full,speed,ms,BT,B * T,4096,1.8165760040283203,1.7819840192794798,1.8541183471679688,"{""vocab_size"": 128256}",NVIDIA B200,2026-05-14 10:22:14,0.8.0
cross_entropy,tilegym,full,speed,ms,BT,B * T,8192,3.3658559322357178,3.3597632408142086,3.3677887439727785,"{""vocab_size"": 128256}",NVIDIA B200,2026-05-14 10:22:14,0.8.0
cross_entropy,tilegym,full,speed,ms,BT,B * T,16384,6.398015975952148,6.395705604553223,6.403110218048096,"{""vocab_size"": 128256}",NVIDIA B200,2026-05-14 10:22:14,0.8.0
cross_entropy,tilegym,full,speed,ms,BT,B * T,32768,12.470303535461426,12.461248207092284,12.47231330871582,"{""vocab_size"": 128256}",NVIDIA B200,2026-05-14 10:22:14,0.8.0
cross_entropy,liger,no-grad-forward,speed,ms,BT,B * T,1024,0.39854399859905243,0.39568638801574707,0.40140798687934875,"{""vocab_size"": 128256}",NVIDIA B200,2026-05-14 10:22:15,0.8.0
cross_entropy,liger,no-grad-forward,speed,ms,BT,B * T,2048,0.667680025100708,0.6656320095062256,0.6727359890937805,"{""vocab_size"": 128256}",NVIDIA B200,2026-05-14 10:22:15,0.8.0
cross_entropy,liger,no-grad-forward,speed,ms,BT,B * T,4096,1.1919360160827637,1.1899199485778809,1.1949759721755981,"{""vocab_size"": 128256}",NVIDIA B200,2026-05-14 10:22:15,0.8.0
cross_entropy,liger,no-grad-forward,speed,ms,BT,B * T,8192,2.224128007888794,2.2220799922943115,2.2266047954559323,"{""vocab_size"": 128256}",NVIDIA B200,2026-05-14 10:22:15,0.8.0
cross_entropy,liger,no-grad-forward,speed,ms,BT,B * T,16384,4.288544178009033,4.286431789398193,4.292172718048096,"{""vocab_size"": 128256}",NVIDIA B200,2026-05-14 10:22:15,0.8.0
cross_entropy,liger,no-grad-forward,speed,ms,BT,B * T,32768,8.424448013305664,8.424415588378906,8.426527976989746,"{""vocab_size"": 128256}",NVIDIA B200,2026-05-14 10:22:15,0.8.0
cross_entropy,huggingface,no-grad-forward,speed,ms,BT,B * T,1024,0.3943040072917938,0.39420801401138306,0.3962559998035431,"{""vocab_size"": 128256}",NVIDIA B200,2026-05-14 10:22:16,0.8.0
cross_entropy,huggingface,no-grad-forward,speed,ms,BT,B * T,2048,0.7178559899330139,0.7177919745445251,0.7198335886001587,"{""vocab_size"": 128256}",NVIDIA B200,2026-05-14 10:22:16,0.8.0
cross_entropy,huggingface,no-grad-forward,speed,ms,BT,B * T,4096,1.3915200233459473,1.3904831886291502,1.3916480541229248,"{""vocab_size"": 128256}",NVIDIA B200,2026-05-14 10:22:16,0.8.0
cross_entropy,huggingface,no-grad-forward,speed,ms,BT,B * T,8192,2.7207839488983154,2.719680070877075,2.722815990447998,"{""vocab_size"": 128256}",NVIDIA B200,2026-05-14 10:22:16,0.8.0
cross_entropy,huggingface,no-grad-forward,speed,ms,BT,B * T,16384,5.362720012664795,5.357977485656738,5.364339160919189,"{""vocab_size"": 128256}",NVIDIA B200,2026-05-14 10:22:16,0.8.0
cross_entropy,huggingface,no-grad-forward,speed,ms,BT,B * T,32768,10.652671813964844,10.652153396606444,10.656761932373048,"{""vocab_size"": 128256}",NVIDIA B200,2026-05-14 10:22:16,0.8.0
cross_entropy,tilegym,no-grad-forward,speed,ms,BT,B * T,1024,0.38092800974845886,0.37884798645973206,0.3839679956436157,"{""vocab_size"": 128256}",NVIDIA B200,2026-05-14 10:22:16,0.8.0
cross_entropy,tilegym,no-grad-forward,speed,ms,BT,B * T,2048,0.6287680268287659,0.6251264095306397,0.6308351874351501,"{""vocab_size"": 128256}",NVIDIA B200,2026-05-14 10:22:16,0.8.0
cross_entropy,tilegym,no-grad-forward,speed,ms,BT,B * T,4096,1.1120160222053528,1.1089600324630737,1.1151039600372314,"{""vocab_size"": 128256}",NVIDIA B200,2026-05-14 10:22:16,0.8.0
cross_entropy,tilegym,no-grad-forward,speed,ms,BT,B * T,8192,2.016319990158081,2.0135936737060547,2.0198911666870116,"{""vocab_size"": 128256}",NVIDIA B200,2026-05-14 10:22:16,0.8.0
cross_entropy,tilegym,no-grad-forward,speed,ms,BT,B * T,16384,3.839008092880249,3.8369856357574466,3.84005126953125,"{""vocab_size"": 128256}",NVIDIA B200,2026-05-14 10:22:16,0.8.0
cross_entropy,tilegym,no-grad-forward,speed,ms,BT,B * T,32768,7.491551876068115,7.4854655265808105,7.4942272186279295,"{""vocab_size"": 128256}",NVIDIA B200,2026-05-14 10:22:16,0.8.0
cross_entropy,liger,full,memory,MB,BT,B * T,1024,502.02099609375,502.02099609375,502.02099609375,"{""vocab_size"": 128256}",NVIDIA B200,2026-05-14 10:22:17,0.8.0
cross_entropy,liger,full,memory,MB,BT,B * T,2048,1002.04150390625,1002.04150390625,1002.04150390625,"{""vocab_size"": 128256}",NVIDIA B200,2026-05-14 10:22:17,0.8.0
cross_entropy,liger,full,memory,MB,BT,B * T,4096,2004.08251953125,2004.08251953125,2004.08251953125,"{""vocab_size"": 128256}",NVIDIA B200,2026-05-14 10:22:17,0.8.0
cross_entropy,liger,full,memory,MB,BT,B * T,8192,4008.16455078125,4008.16455078125,4008.16455078125,"{""vocab_size"": 128256}",NVIDIA B200,2026-05-14 10:22:17,0.8.0
cross_entropy,liger,full,memory,MB,BT,B * T,16384,8016.32861328125,8016.32861328125,8016.32861328125,"{""vocab_size"": 128256}",NVIDIA B200,2026-05-14 10:22:17,0.8.0
cross_entropy,liger,full,memory,MB,BT,B * T,32768,16032.65625,16032.65625,16032.65625,"{""vocab_size"": 128256}",NVIDIA B200,2026-05-14 10:22:17,0.8.0
cross_entropy,huggingface,full,memory,MB,BT,B * T,1024,2506.0087890625,2506.0087890625,2506.0087890625,"{""vocab_size"": 128256}",NVIDIA B200,2026-05-14 10:22:17,0.8.0
cross_entropy,huggingface,full,memory,MB,BT,B * T,2048,5010.0166015625,5010.0166015625,5010.0166015625,"{""vocab_size"": 128256}",NVIDIA B200,2026-05-14 10:22:17,0.8.0
cross_entropy,huggingface,full,memory,MB,BT,B * T,4096,10020.0322265625,10020.0322265625,10020.0322265625,"{""vocab_size"": 128256}",NVIDIA B200,2026-05-14 10:22:17,0.8.0
cross_entropy,huggingface,full,memory,MB,BT,B * T,8192,20040.0625,20040.0625,20040.0625,"{""vocab_size"": 128256}",NVIDIA B200,2026-05-14 10:22:17,0.8.0
cross_entropy,huggingface,full,memory,MB,BT,B * T,16384,40080.125,40080.125,40080.125,"{""vocab_size"": 128256}",NVIDIA B200,2026-05-14 10:22:17,0.8.0
cross_entropy,huggingface,full,memory,MB,BT,B * T,32768,80160.25,80160.25,80160.25,"{""vocab_size"": 128256}",NVIDIA B200,2026-05-14 10:22:17,0.8.0
cross_entropy,tilegym,full,memory,MB,BT,B * T,1024,502.02099609375,502.02099609375,502.02099609375,"{""vocab_size"": 128256}",NVIDIA B200,2026-05-14 10:22:18,0.8.0
cross_entropy,tilegym,full,memory,MB,BT,B * T,2048,1002.04150390625,1002.04150390625,1002.04150390625,"{""vocab_size"": 128256}",NVIDIA B200,2026-05-14 10:22:18,0.8.0
cross_entropy,tilegym,full,memory,MB,BT,B * T,4096,2004.08251953125,2004.08251953125,2004.08251953125,"{""vocab_size"": 128256}",NVIDIA B200,2026-05-14 10:22:18,0.8.0
cross_entropy,tilegym,full,memory,MB,BT,B * T,8192,4008.16455078125,4008.16455078125,4008.16455078125,"{""vocab_size"": 128256}",NVIDIA B200,2026-05-14 10:22:18,0.8.0
cross_entropy,tilegym,full,memory,MB,BT,B * T,16384,8016.32861328125,8016.32861328125,8016.32861328125,"{""vocab_size"": 128256}",NVIDIA B200,2026-05-14 10:22:18,0.8.0
cross_entropy,tilegym,full,memory,MB,BT,B * T,32768,16032.65625,16032.65625,16032.65625,"{""vocab_size"": 128256}",NVIDIA B200,2026-05-14 10:22:18,0.8.0
jsd,liger,forward,speed,ms,BT,B * T,1024,5.424160003662109,5.411673736572266,5.430944156646728,"{""vocab_size"": 128256}",NVIDIA B200,2026-05-14 10:22:23,0.8.0
jsd,liger,forward,speed,ms,BT,B * T,2048,9.356815814971924,9.339737892150879,9.36470432281494,"{""vocab_size"": 128256}",NVIDIA B200,2026-05-14 10:22:23,0.8.0
jsd,liger,forward,speed,ms,BT,B * T,4096,18.754560470581055,18.743507385253906,18.769702148437503,"{""vocab_size"": 128256}",NVIDIA B200,2026-05-14 10:22:23,0.8.0
jsd,liger,forward,speed,ms,BT,B * T,8192,37.67870330810547,37.65622940063477,37.70117721557617,"{""vocab_size"": 128256}",NVIDIA B200,2026-05-14 10:22:23,0.8.0
jsd,torch,forward,speed,ms,BT,B * T,1024,2.2988319396972656,2.2968320846557617,2.2989439964294434,"{""vocab_size"": 128256}",NVIDIA B200,2026-05-14 10:22:24,0.8.0
jsd,torch,forward,speed,ms,BT,B * T,2048,4.520031929016113,4.519904136657715,4.5240960121154785,"{""vocab_size"": 128256}",NVIDIA B200,2026-05-14 10:22:24,0.8.0
jsd,torch,forward,speed,ms,BT,B * T,4096,8.937503814697266,8.927295684814453,8.939552307128906,"{""vocab_size"": 128256}",NVIDIA B200,2026-05-14 10:22:24,0.8.0
jsd,torch,forward,speed,ms,BT,B * T,8192,17.87615966796875,17.866796493530273,17.88089599609375,"{""vocab_size"": 128256}",NVIDIA B200,2026-05-14 10:22:24,0.8.0
jsd,tilegym,forward,speed,ms,BT,B * T,1024,0.7086399793624878,0.7074367880821228,0.7116159796714783,"{""vocab_size"": 128256}",NVIDIA B200,2026-05-14 10:22:24,0.8.0
jsd,tilegym,forward,speed,ms,BT,B * T,2048,1.3496320247650146,1.347424030303955,1.351680040359497,"{""vocab_size"": 128256}",NVIDIA B200,2026-05-14 10:22:24,0.8.0
jsd,tilegym,forward,speed,ms,BT,B * T,4096,2.547760009765625,2.5456960201263428,2.551795244216919,"{""vocab_size"": 128256}",NVIDIA B200,2026-05-14 10:22:24,0.8.0
jsd,tilegym,forward,speed,ms,BT,B * T,8192,5.023712158203125,5.020313739776611,5.026220798492432,"{""vocab_size"": 128256}",NVIDIA B200,2026-05-14 10:22:24,0.8.0
jsd,liger,backward,speed,ms,BT,B * T,1024,0.6564159989356995,0.6546560168266297,0.6582527995109558,"{""vocab_size"": 128256}",NVIDIA B200,2026-05-14 10:22:25,0.8.0
jsd,liger,backward,speed,ms,BT,B * T,2048,1.1805440187454224,1.177664041519165,1.181823968887329,"{""vocab_size"": 128256}",NVIDIA B200,2026-05-14 10:22:25,0.8.0
jsd,liger,backward,speed,ms,BT,B * T,4096,2.3019518852233887,2.2998719215393066,2.3030080795288086,"{""vocab_size"": 128256}",NVIDIA B200,2026-05-14 10:22:25,0.8.0
jsd,liger,backward,speed,ms,BT,B * T,8192,4.486176013946533,4.483104228973389,4.489312171936035,"{""vocab_size"": 128256}",NVIDIA B200,2026-05-14 10:22:25,0.8.0
jsd,torch,backward,speed,ms,BT,B * T,1024,3.8053441047668457,3.8032255649566653,3.8073343753814695,"{""vocab_size"": 128256}",NVIDIA B200,2026-05-14 10:22:26,0.8.0
jsd,torch,backward,speed,ms,BT,B * T,2048,7.494624137878418,7.491603183746339,7.49745283126831,"{""vocab_size"": 128256}",NVIDIA B200,2026-05-14 10:22:26,0.8.0
jsd,torch,backward,speed,ms,BT,B * T,4096,14.934080123901367,14.926848411560059,14.945280075073242,"{""vocab_size"": 128256}",NVIDIA B200,2026-05-14 10:22:26,0.8.0
jsd,torch,backward,speed,ms,BT,B * T,8192,29.798431396484375,29.79353561401367,29.800889587402345,"{""vocab_size"": 128256}",NVIDIA B200,2026-05-14 10:22:26,0.8.0
jsd,tilegym,backward,speed,ms,BT,B * T,1024,0.6563839912414551,0.654367983341217,0.6574720144271851,"{""vocab_size"": 128256}",NVIDIA B200,2026-05-14 10:22:26,0.8.0
jsd,tilegym,backward,speed,ms,BT,B * T,2048,1.1796480417251587,1.177664041519165,1.1817599534988403,"{""vocab_size"": 128256}",NVIDIA B200,2026-05-14 10:22:26,0.8.0
jsd,tilegym,backward,speed,ms,BT,B * T,4096,2.3010079860687256,2.299936056137085,2.3030080795288086,"{""vocab_size"": 128256}",NVIDIA B200,2026-05-14 10:22:26,0.8.0
jsd,tilegym,backward,speed,ms,BT,B * T,8192,4.487199783325195,4.485151767730713,4.490272045135498,"{""vocab_size"": 128256}",NVIDIA B200,2026-05-14 10:22:26,0.8.0
jsd,liger,full,speed,ms,BT,B * T,1024,6.064671993255615,6.042623996734619,6.079552173614502,"{""vocab_size"": 128256}",NVIDIA B200,2026-05-14 10:22:27,0.8.0
jsd,liger,full,speed,ms,BT,B * T,2048,10.502367973327637,10.490688133239747,10.536723327636718,"{""vocab_size"": 128256}",NVIDIA B200,2026-05-14 10:22:27,0.8.0
jsd,liger,full,speed,ms,BT,B * T,4096,21.081151962280273,21.029318618774415,21.110445022583008,"{""vocab_size"": 128256}",NVIDIA B200,2026-05-14 10:22:27,0.8.0
jsd,liger,full,speed,ms,BT,B * T,8192,42.18284797668457,42.17424545288086,42.19145050048829,"{""vocab_size"": 128256}",NVIDIA B200,2026-05-14 10:22:27,0.8.0
jsd,torch,full,speed,ms,BT,B * T,1024,6.097951889038086,6.095839977264404,6.098944187164307,"{""vocab_size"": 128256}",NVIDIA B200,2026-05-14 10:22:28,0.8.0
jsd,torch,full,speed,ms,BT,B * T,2048,12.007423877716064,12.004646301269531,12.00869789123535,"{""vocab_size"": 128256}",NVIDIA B200,2026-05-14 10:22:28,0.8.0
jsd,torch,full,speed,ms,BT,B * T,4096,23.851072311401367,23.84675178527832,23.857389450073242,"{""vocab_size"": 128256}",NVIDIA B200,2026-05-14 10:22:28,0.8.0
jsd,torch,full,speed,ms,BT,B * T,8192,47.60272026062012,47.60026321411134,47.605177307128905,"{""vocab_size"": 128256}",NVIDIA B200,2026-05-14 10:22:28,0.8.0
jsd,tilegym,full,speed,ms,BT,B * T,1024,1.3464639782905579,1.3425408124923706,1.3496383666992187,"{""vocab_size"": 128256}",NVIDIA B200,2026-05-14 10:22:29,0.8.0
jsd,tilegym,full,speed,ms,BT,B * T,2048,2.517008066177368,2.513273620605469,2.5191680431365966,"{""vocab_size"": 128256}",NVIDIA B200,2026-05-14 10:22:29,0.8.0
jsd,tilegym,full,speed,ms,BT,B * T,4096,4.841472148895264,4.8392256736755375,4.86073579788208,"{""vocab_size"": 128256}",NVIDIA B200,2026-05-14 10:22:29,0.8.0
jsd,tilegym,full,speed,ms,BT,B * T,8192,9.531375885009766,9.498668670654297,9.552345657348633,"{""vocab_size"": 128256}",NVIDIA B200,2026-05-14 10:22:29,0.8.0
jsd,liger,full,memory,MB,BT,B * T,1024,3012.0048828125,3012.0048828125,3012.0048828125,"{""vocab_size"": 128256}",NVIDIA B200,2026-05-14 10:22:30,0.8.0
jsd,liger,full,memory,MB,BT,B * T,2048,6012.0087890625,6012.0087890625,6012.0087890625,"{""vocab_size"": 128256}",NVIDIA B200,2026-05-14 10:22:30,0.8.0
jsd,liger,full,memory,MB,BT,B * T,4096,12024.0166015625,12024.0166015625,12024.0166015625,"{""vocab_size"": 128256}",NVIDIA B200,2026-05-14 10:22:30,0.8.0
jsd,liger,full,memory,MB,BT,B * T,8192,24048.015625,24048.015625,24048.015625,"{""vocab_size"": 128256}",NVIDIA B200,2026-05-14 10:22:30,0.8.0
jsd,torch,full,memory,MB,BT,B * T,1024,6519.0009765625,6519.0009765625,6519.0009765625,"{""vocab_size"": 128256}",NVIDIA B200,2026-05-14 10:22:30,0.8.0
jsd,torch,full,memory,MB,BT,B * T,2048,13026.0009765625,13026.0009765625,13026.0009765625,"{""vocab_size"": 128256}",NVIDIA B200,2026-05-14 10:22:30,0.8.0
jsd,torch,full,memory,MB,BT,B * T,4096,26052.0,26052.0,26052.0,"{""vocab_size"": 128256}",NVIDIA B200,2026-05-14 10:22:30,0.8.0
jsd,torch,full,memory,MB,BT,B * T,8192,52104.0,52104.0,52104.0,"{""vocab_size"": 128256}",NVIDIA B200,2026-05-14 10:22:30,0.8.0
jsd,tilegym,full,memory,MB,BT,B * T,1024,3012.00537109375,3012.00537109375,3012.00537109375,"{""vocab_size"": 128256}",NVIDIA B200,2026-05-14 10:22:31,0.8.0
jsd,tilegym,full,memory,MB,BT,B * T,2048,6012.00927734375,6012.00927734375,6012.00927734375,"{""vocab_size"": 128256}",NVIDIA B200,2026-05-14 10:22:31,0.8.0
jsd,tilegym,full,memory,MB,BT,B * T,4096,12024.017578125,12024.017578125,12024.017578125,"{""vocab_size"": 128256}",NVIDIA B200,2026-05-14 10:22:31,0.8.0
jsd,tilegym,full,memory,MB,BT,B * T,8192,24048.017578125,24048.017578125,24048.017578125,"{""vocab_size"": 128256}",NVIDIA B200,2026-05-14 10:22:31,0.8.0
layer_norm,liger,full,speed,ms,BT,sequence length,1024,0.24428799748420715,0.2439039945602417,0.2446720004081726,"{""hidden_size"": 4096, ""dtype"": ""torch.bfloat16"", ""eps"": 1e-06}",NVIDIA B200,2026-05-14 10:22:36,0.8.0
layer_norm,liger,full,speed,ms,BT,sequence length,2048,0.21795199811458588,0.21534720063209534,0.2215552031993866,"{""hidden_size"": 4096, ""dtype"": ""torch.bfloat16"", ""eps"": 1e-06}",NVIDIA B200,2026-05-14 10:22:36,0.8.0
layer_norm,liger,full,speed,ms,BT,sequence length,4096,0.21320000290870667,0.20998400449752808,0.2181439995765686,"{""hidden_size"": 4096, ""dtype"": ""torch.bfloat16"", ""eps"": 1e-06}",NVIDIA B200,2026-05-14 10:22:36,0.8.0
layer_norm,liger,full,speed,ms,BT,sequence length,8192,0.23443199694156647,0.2324800044298172,0.23452800512313843,"{""hidden_size"": 4096, ""dtype"": ""torch.bfloat16"", ""eps"": 1e-06}",NVIDIA B200,2026-05-14 10:22:36,0.8.0
layer_norm,liger,full,speed,ms,BT,sequence length,16384,0.42691200971603394,0.42499839663505556,0.42706559300422664,"{""hidden_size"": 4096, ""dtype"": ""torch.bfloat16"", ""eps"": 1e-06}",NVIDIA B200,2026-05-14 10:22:36,0.8.0
layer_norm,liger,full,speed,ms,BT,sequence length,32768,0.8023520112037659,0.8017856240272522,0.8038655877113342,"{""hidden_size"": 4096, ""dtype"": ""torch.bfloat16"", ""eps"": 1e-06}",NVIDIA B200,2026-05-14 10:22:36,0.8.0
layer_norm,liger,full,speed,ms,BT,sequence length,65536,1.5566400289535522,1.555072045326233,1.5579327821731568,"{""hidden_size"": 4096, ""dtype"": ""torch.bfloat16"", ""eps"": 1e-06}",NVIDIA B200,2026-05-14 10:22:36,0.8.0
layer_norm,liger,full,speed,ms,BT,sequence length,131072,3.061263918876648,3.060351896286011,3.0621759414672853,"{""hidden_size"": 4096, ""dtype"": ""torch.bfloat16"", ""eps"": 1e-06}",NVIDIA B200,2026-05-14 10:22:36,0.8.0
layer_norm,liger,full,speed,ms,BT,sequence length,262144,6.067232131958008,6.067232131958008,6.067232131958008,"{""hidden_size"": 4096, ""dtype"": ""torch.bfloat16"", ""eps"": 1e-06}",NVIDIA B200,2026-05-14 10:22:36,0.8.0
layer_norm,huggingface,full,speed,ms,BT,sequence length,1024,0.06163199990987778,0.060204798728227614,0.06273920089006424,"{""hidden_size"": 4096, ""dtype"": ""torch.bfloat16"", ""eps"": 1e-06}",NVIDIA B200,2026-05-14 10:22:36,0.8.0
layer_norm,huggingface,full,speed,ms,BT,sequence length,2048,0.09020800143480301,0.09011200070381165,0.09216000139713287,"{""hidden_size"": 4096, ""dtype"": ""torch.bfloat16"", ""eps"": 1e-06}",NVIDIA B200,2026-05-14 10:22:36,0.8.0
layer_norm,huggingface,full,speed,ms,BT,sequence length,4096,0.15967999398708344,0.15775999426841736,0.1598079949617386,"{""hidden_size"": 4096, ""dtype"": ""torch.bfloat16"", ""eps"": 1e-06}",NVIDIA B200,2026-05-14 10:22:36,0.8.0
layer_norm,huggingface,full,speed,ms,BT,sequence length,8192,0.30103999376296997,0.2991040050983429,0.30115199089050293,"{""hidden_size"": 4096, ""dtype"": ""torch.bfloat16"", ""eps"": 1e-06}",NVIDIA B200,2026-05-14 10:22:36,0.8.0
layer_norm,huggingface,full,speed,ms,BT,sequence length,16384,0.5652480125427246,0.5632832169532777,0.5652864217758179,"{""hidden_size"": 4096, ""dtype"": ""torch.bfloat16"", ""eps"": 1e-06}",NVIDIA B200,2026-05-14 10:22:36,0.8.0
layer_norm,huggingface,full,speed,ms,BT,sequence length,32768,1.081391990184784,1.0812671899795534,1.083526349067688,"{""hidden_size"": 4096, ""dtype"": ""torch.bfloat16"", ""eps"": 1e-06}",NVIDIA B200,2026-05-14 10:22:36,0.8.0
layer_norm,huggingface,full,speed,ms,BT,sequence length,65536,2.1134719848632812,2.112544059753418,2.115231990814209,"{""hidden_size"": 4096, ""dtype"": ""torch.bfloat16"", ""eps"": 1e-06}",NVIDIA B200,2026-05-14 10:22:36,0.8.0
layer_norm,huggingface,full,speed,ms,BT,sequence length,131072,4.187135934829712,4.186540699005127,4.187731170654297,"{""hidden_size"": 4096, ""dtype"": ""torch.bfloat16"", ""eps"": 1e-06}",NVIDIA B200,2026-05-14 10:22:36,0.8.0
layer_norm,huggingface,full,speed,ms,BT,sequence length,262144,8.321056365966797,8.321056365966797,8.321056365966797,"{""hidden_size"": 4096, ""dtype"": ""torch.bfloat16"", ""eps"": 1e-06}",NVIDIA B200,2026-05-14 10:22:36,0.8.0
layer_norm,tilegym,full,speed,ms,BT,sequence length,1024,0.17243199795484543,0.1692544013261795,0.17491200268268586,"{""hidden_size"": 4096, ""dtype"": ""torch.bfloat16"", ""eps"": 1e-06}",NVIDIA B200,2026-05-14 10:22:37,0.8.0
layer_norm,tilegym,full,speed,ms,BT,sequence length,2048,0.1711999997496605,0.1682752013206482,0.1742527961730957,"{""hidden_size"": 4096, ""dtype"": ""torch.bfloat16"", ""eps"": 1e-06}",NVIDIA B200,2026-05-14 10:22:37,0.8.0
layer_norm,tilegym,full,speed,ms,BT,sequence length,4096,0.17177599668502808,0.1690944045782089,0.1751231998205185,"{""hidden_size"": 4096, ""dtype"": ""torch.bfloat16"", ""eps"": 1e-06}",NVIDIA B200,2026-05-14 10:22:37,0.8.0
layer_norm,tilegym,full,speed,ms,BT,sequence length,8192,0.25705599784851074,0.2569600045681,0.2578815996646881,"{""hidden_size"": 4096, ""dtype"": ""torch.bfloat16"", ""eps"": 1e-06}",NVIDIA B200,2026-05-14 10:22:37,0.8.0
layer_norm,tilegym,full,speed,ms,BT,sequence length,16384,0.4679360091686249,0.4668479859828949,0.46799359321594236,"{""hidden_size"": 4096, ""dtype"": ""torch.bfloat16"", ""eps"": 1e-06}",NVIDIA B200,2026-05-14 10:22:37,0.8.0
layer_norm,tilegym,full,speed,ms,BT,sequence length,32768,0.8869119882583618,0.8858111858367921,0.8877312064170837,"{""hidden_size"": 4096, ""dtype"": ""torch.bfloat16"", ""eps"": 1e-06}",NVIDIA B200,2026-05-14 10:22:37,0.8.0
layer_norm,tilegym,full,speed,ms,BT,sequence length,65536,1.7171199917793274,1.716275191307068,1.7173247814178465,"{""hidden_size"": 4096, ""dtype"": ""torch.bfloat16"", ""eps"": 1e-06}",NVIDIA B200,2026-05-14 10:22:37,0.8.0
layer_norm,tilegym,full,speed,ms,BT,sequence length,131072,3.3802080154418945,3.37962236404419,3.3807936668395997,"{""hidden_size"": 4096, ""dtype"": ""torch.bfloat16"", ""eps"": 1e-06}",NVIDIA B200,2026-05-14 10:22:37,0.8.0
layer_norm,tilegym,full,speed,ms,BT,sequence length,262144,6.712480068206787,6.712480068206787,6.712480068206787,"{""hidden_size"": 4096, ""dtype"": ""torch.bfloat16"", ""eps"": 1e-06}",NVIDIA B200,2026-05-14 10:22:37,0.8.0
layer_norm,liger,forward,speed,ms,BT,sequence length,1024,0.012543999589979649,0.012256000190973282,0.013344000093638897,"{""hidden_size"": 4096, ""dtype"": ""torch.bfloat16"", ""eps"": 1e-06}",NVIDIA B200,2026-05-14 10:22:37,0.8.0
layer_norm,liger,forward,speed,ms,BT,sequence length,2048,0.017376000061631203,0.016416000202298164,0.018432000651955605,"{""hidden_size"": 4096, ""dtype"": ""torch.bfloat16"", ""eps"": 1e-06}",NVIDIA B200,2026-05-14 10:22:37,0.8.0
layer_norm,liger,forward,speed,ms,BT,sequence length,4096,0.025520000606775284,0.024639999493956566,0.026655999943614006,"{""hidden_size"": 4096, ""dtype"": ""torch.bfloat16"", ""eps"": 1e-06}",NVIDIA B200,2026-05-14 10:22:37,0.8.0
layer_norm,liger,forward,speed,ms,BT,sequence length,8192,0.04303999990224838,0.0428863987326622,0.043136000633239746,"{""hidden_size"": 4096, ""dtype"": ""torch.bfloat16"", ""eps"": 1e-06}",NVIDIA B200,2026-05-14 10:22:37,0.8.0
layer_norm,liger,forward,speed,ms,BT,sequence length,16384,0.07395199686288834,0.0737600028514862,0.07580800354480743,"{""hidden_size"": 4096, ""dtype"": ""torch.bfloat16"", ""eps"": 1e-06}",NVIDIA B200,2026-05-14 10:22:37,0.8.0
layer_norm,liger,forward,speed,ms,BT,sequence length,32768,0.13929599523544312,0.13923199474811554,0.13939200341701508,"{""hidden_size"": 4096, ""dtype"": ""torch.bfloat16"", ""eps"": 1e-06}",NVIDIA B200,2026-05-14 10:22:37,0.8.0
layer_norm,liger,forward,speed,ms,BT,sequence length,65536,0.2683520019054413,0.2682879865169525,0.26844159364700315,"{""hidden_size"": 4096, ""dtype"": ""torch.bfloat16"", ""eps"": 1e-06}",NVIDIA B200,2026-05-14 10:22:37,0.8.0
layer_norm,liger,forward,speed,ms,BT,sequence length,131072,0.5273600220680237,0.526310408115387,0.5273920297622681,"{""hidden_size"": 4096, ""dtype"": ""torch.bfloat16"", ""eps"": 1e-06}",NVIDIA B200,2026-05-14 10:22:37,0.8.0
layer_norm,liger,forward,speed,ms,BT,sequence length,262144,1.0445120334625244,1.0435264348983764,1.0454336166381837,"{""hidden_size"": 4096, ""dtype"": ""torch.bfloat16"", ""eps"": 1e-06}",NVIDIA B200,2026-05-14 10:22:37,0.8.0
layer_norm,huggingface,forward,speed,ms,BT,sequence length,1024,0.019279999658465385,0.018432000651955605,0.02038400061428547,"{""hidden_size"": 4096, ""dtype"": ""torch.bfloat16"", ""eps"": 1e-06}",NVIDIA B200,2026-05-14 10:22:37,0.8.0
layer_norm,huggingface,forward,speed,ms,BT,sequence length,2048,0.03081599995493889,0.030719999223947525,0.03180160000920296,"{""hidden_size"": 4096, ""dtype"": ""torch.bfloat16"", ""eps"": 1e-06}",NVIDIA B200,2026-05-14 10:22:37,0.8.0
layer_norm,huggingface,forward,speed,ms,BT,sequence length,4096,0.04307200014591217,0.04297599941492081,0.04399999976158142,"{""hidden_size"": 4096, ""dtype"": ""torch.bfloat16"", ""eps"": 1e-06}",NVIDIA B200,2026-05-14 10:22:37,0.8.0
layer_norm,huggingface,forward,speed,ms,BT,sequence length,8192,0.0716480016708374,0.07062400132417679,0.07174400240182877,"{""hidden_size"": 4096, ""dtype"": ""torch.bfloat16"", ""eps"": 1e-06}",NVIDIA B200,2026-05-14 10:22:37,0.8.0
layer_norm,huggingface,forward,speed,ms,BT,sequence length,16384,0.12803199887275696,0.12707200646400452,0.12905600666999817,"{""hidden_size"": 4096, ""dtype"": ""torch.bfloat16"", ""eps"": 1e-06}",NVIDIA B200,2026-05-14 10:22:37,0.8.0
layer_norm,huggingface,forward,speed,ms,BT,sequence length,32768,0.2406720072031021,0.2402816027402878,0.24172799289226532,"{""hidden_size"": 4096, ""dtype"": ""torch.bfloat16"", ""eps"": 1e-06}",NVIDIA B200,2026-05-14 10:22:37,0.8.0
layer_norm,huggingface,forward,speed,ms,BT,sequence length,65536,0.46694400906562805,0.4659071981906891,0.46702079772949223,"{""hidden_size"": 4096, ""dtype"": ""torch.bfloat16"", ""eps"": 1e-06}",NVIDIA B200,2026-05-14 10:22:37,0.8.0
layer_norm,huggingface,forward,speed,ms,BT,sequence length,131072,0.9170880019664764,0.9164736032485962,0.9176127791404723,"{""hidden_size"": 4096, ""dtype"": ""torch.bfloat16"", ""eps"": 1e-06}",NVIDIA B200,2026-05-14 10:22:37,0.8.0
layer_norm,huggingface,forward,speed,ms,BT,sequence length,262144,1.820736050605774,1.8196352243423464,1.820736050605774,"{""hidden_size"": 4096, ""dtype"": ""torch.bfloat16"", ""eps"": 1e-06}",NVIDIA B200,2026-05-14 10:22:37,0.8.0
layer_norm,tilegym,forward,speed,ms,BT,sequence length,1024,0.012319999746978283,0.012256000190973282,0.012435199692845345,"{""hidden_size"": 4096, ""dtype"": ""torch.bfloat16"", ""eps"": 1e-06}",NVIDIA B200,2026-05-14 10:22:37,0.8.0
layer_norm,tilegym,forward,speed,ms,BT,sequence length,2048,0.016416000202298164,0.0163199994713068,0.01648000068962574,"{""hidden_size"": 4096, ""dtype"": ""torch.bfloat16"", ""eps"": 1e-06}",NVIDIA B200,2026-05-14 10:22:37,0.8.0
layer_norm,tilegym,forward,speed,ms,BT,sequence length,4096,0.022624000906944275,0.02252800017595291,0.024607999250292778,"{""hidden_size"": 4096, ""dtype"": ""torch.bfloat16"", ""eps"": 1e-06}",NVIDIA B200,2026-05-14 10:22:37,0.8.0
layer_norm,tilegym,forward,speed,ms,BT,sequence length,8192,0.038943998515605927,0.037779200822114944,0.0390079990029335,"{""hidden_size"": 4096, ""dtype"": ""torch.bfloat16"", ""eps"": 1e-06}",NVIDIA B200,2026-05-14 10:22:37,0.8.0
layer_norm,tilegym,forward,speed,ms,BT,sequence length,16384,0.06761600077152252,0.06652799993753433,0.0676800012588501,"{""hidden_size"": 4096, ""dtype"": ""torch.bfloat16"", ""eps"": 1e-06}",NVIDIA B200,2026-05-14 10:22:37,0.8.0
layer_norm,tilegym,forward,speed,ms,BT,sequence length,32768,0.12294399738311768,0.1228799968957901,0.12387199699878693,"{""hidden_size"": 4096, ""dtype"": ""torch.bfloat16"", ""eps"": 1e-06}",NVIDIA B200,2026-05-14 10:22:37,0.8.0
layer_norm,tilegym,forward,speed,ms,BT,sequence length,65536,0.23660800606012344,0.23555199801921844,0.23759999871253967,"{""hidden_size"": 4096, ""dtype"": ""torch.bfloat16"", ""eps"": 1e-06}",NVIDIA B200,2026-05-14 10:22:37,0.8.0
layer_norm,tilegym,forward,speed,ms,BT,sequence length,131072,0.4638719856739044,0.46288639903068546,0.4649087965488434,"{""hidden_size"": 4096, ""dtype"": ""torch.bfloat16"", ""eps"": 1e-06}",NVIDIA B200,2026-05-14 10:22:37,0.8.0
layer_norm,tilegym,forward,speed,ms,BT,sequence length,262144,0.9180480241775513,0.917465603351593,0.9185664176940919,"{""hidden_size"": 4096, ""dtype"": ""torch.bfloat16"", ""eps"": 1e-06}",NVIDIA B200,2026-05-14 10:22:37,0.8.0
layer_norm,liger,backward,speed,ms,BT,sequence length,1024,0.11452800035476685,0.11276800185441971,0.1170559972524643,"{""hidden_size"": 4096, ""dtype"": ""torch.bfloat16"", ""eps"": 1e-06}",NVIDIA B200,2026-05-14 10:22:38,0.8.0
layer_norm,liger,backward,speed,ms,BT,sequence length,2048,0.11060800030827522,0.1093887984752655,0.1119232028722763,"{""hidden_size"": 4096, ""dtype"": ""torch.bfloat16"", ""eps"": 1e-06}",NVIDIA B200,2026-05-14 10:22:38,0.8.0
layer_norm,liger,backward,speed,ms,BT,sequence length,4096,0.11107199639081955,0.10966400057077408,0.11245439946651459,"{""hidden_size"": 4096, ""dtype"": ""torch.bfloat16"", ""eps"": 1e-06}",NVIDIA B200,2026-05-14 10:22:38,0.8.0
layer_norm,liger,backward,speed,ms,BT,sequence length,8192,0.1178240031003952,0.11772800236940384,0.11977600306272507,"{""hidden_size"": 4096, ""dtype"": ""torch.bfloat16"", ""eps"": 1e-06}",NVIDIA B200,2026-05-14 10:22:38,0.8.0
layer_norm,liger,backward,speed,ms,BT,sequence length,16384,0.19968000054359436,0.19900159537792206,0.19976959526538848,"{""hidden_size"": 4096, ""dtype"": ""torch.bfloat16"", ""eps"": 1e-06}",NVIDIA B200,2026-05-14 10:22:38,0.8.0
layer_norm,liger,backward,speed,ms,BT,sequence length,32768,0.3625600039958954,0.36243200302124023,0.3634496092796326,"{""hidden_size"": 4096, ""dtype"": ""torch.bfloat16"", ""eps"": 1e-06}",NVIDIA B200,2026-05-14 10:22:38,0.8.0
layer_norm,liger,backward,speed,ms,BT,sequence length,65536,0.6859840154647827,0.6839552044868469,0.6861567974090577,"{""hidden_size"": 4096, ""dtype"": ""torch.bfloat16"", ""eps"": 1e-06}",NVIDIA B200,2026-05-14 10:22:38,0.8.0
layer_norm,liger,backward,speed,ms,BT,sequence length,131072,1.3343679904937744,1.333945631980896,1.3361791610717773,"{""hidden_size"": 4096, ""dtype"": ""torch.bfloat16"", ""eps"": 1e-06}",NVIDIA B200,2026-05-14 10:22:38,0.8.0
layer_norm,liger,backward,speed,ms,BT,sequence length,262144,2.628592014312744,2.627910375595093,2.6292736530303955,"{""hidden_size"": 4096, ""dtype"": ""torch.bfloat16"", ""eps"": 1e-06}",NVIDIA B200,2026-05-14 10:22:38,0.8.0
layer_norm,huggingface,backward,speed,ms,BT,sequence length,1024,0.03177599981427193,0.03136000037193298,0.03280000016093254,"{""hidden_size"": 4096, ""dtype"": ""torch.bfloat16"", ""eps"": 1e-06}",NVIDIA B200,2026-05-14 10:22:38,0.8.0
layer_norm,huggingface,backward,speed,ms,BT,sequence length,2048,0.04399999976158142,0.04303999990224838,0.044096000492572784,"{""hidden_size"": 4096, ""dtype"": ""torch.bfloat16"", ""eps"": 1e-06}",NVIDIA B200,2026-05-14 10:22:38,0.8.0
layer_norm,huggingface,backward,speed,ms,BT,sequence length,4096,0.08198399841785431,0.08183679729700089,0.08300799876451492,"{""hidden_size"": 4096, ""dtype"": ""torch.bfloat16"", ""eps"": 1e-06}",NVIDIA B200,2026-05-14 10:22:38,0.8.0
layer_norm,huggingface,backward,speed,ms,BT,sequence length,8192,0.1566080003976822,0.15568000078201294,0.15676799416542053,"{""hidden_size"": 4096, ""dtype"": ""torch.bfloat16"", ""eps"": 1e-06}",NVIDIA B200,2026-05-14 10:22:38,0.8.0
layer_norm,huggingface,backward,speed,ms,BT,sequence length,16384,0.285535991191864,0.2845759987831116,0.28575998544692993,"{""hidden_size"": 4096, ""dtype"": ""torch.bfloat16"", ""eps"": 1e-06}",NVIDIA B200,2026-05-14 10:22:38,0.8.0
layer_norm,huggingface,backward,speed,ms,BT,sequence length,32768,0.5397120118141174,0.5396479964256287,0.5406976103782654,"{""hidden_size"": 4096, ""dtype"": ""torch.bfloat16"", ""eps"": 1e-06}",NVIDIA B200,2026-05-14 10:22:38,0.8.0
layer_norm,huggingface,backward,speed,ms,BT,sequence length,65536,1.047711968421936,1.0474496126174928,1.0485312461853027,"{""hidden_size"": 4096, ""dtype"": ""torch.bfloat16"", ""eps"": 1e-06}",NVIDIA B200,2026-05-14 10:22:38,0.8.0
layer_norm,huggingface,backward,speed,ms,BT,sequence length,131072,2.0714879035949707,2.070316743850708,2.072774362564087,"{""hidden_size"": 4096, ""dtype"": ""torch.bfloat16"", ""eps"": 1e-06}",NVIDIA B200,2026-05-14 10:22:38,0.8.0
layer_norm,huggingface,backward,speed,ms,BT,sequence length,262144,4.108223915100098,4.108223915100098,4.108223915100098,"{""hidden_size"": 4096, ""dtype"": ""torch.bfloat16"", ""eps"": 1e-06}",NVIDIA B200,2026-05-14 10:22:38,0.8.0
layer_norm,tilegym,backward,speed,ms,BT,sequence length,1024,0.1005759984254837,0.10000000149011612,0.1019200012087822,"{""hidden_size"": 4096, ""dtype"": ""torch.bfloat16"", ""eps"": 1e-06}",NVIDIA B200,2026-05-14 10:22:38,0.8.0
layer_norm,tilegym,backward,speed,ms,BT,sequence length,2048,0.09972799941897392,0.09824000298976898,0.1032319962978363,"{""hidden_size"": 4096, ""dtype"": ""torch.bfloat16"", ""eps"": 1e-06}",NVIDIA B200,2026-05-14 10:22:38,0.8.0
layer_norm,tilegym,backward,speed,ms,BT,sequence length,4096,0.10543999820947647,0.1035199984908104,0.10753919929265976,"{""hidden_size"": 4096, ""dtype"": ""torch.bfloat16"", ""eps"": 1e-06}",NVIDIA B200,2026-05-14 10:22:38,0.8.0
layer_norm,tilegym,backward,speed,ms,BT,sequence length,8192,0.14351999759674072,0.14236160218715668,0.14444799721240997,"{""hidden_size"": 4096, ""dtype"": ""torch.bfloat16"", ""eps"": 1e-06}",NVIDIA B200,2026-05-14 10:22:38,0.8.0
layer_norm,tilegym,backward,speed,ms,BT,sequence length,16384,0.24886399507522583,0.24879999458789825,0.2489664018154144,"{""hidden_size"": 4096, ""dtype"": ""torch.bfloat16"", ""eps"": 1e-06}",NVIDIA B200,2026-05-14 10:22:38,0.8.0
layer_norm,tilegym,backward,speed,ms,BT,sequence length,32768,0.45977601408958435,0.4578432023525238,0.4599039852619171,"{""hidden_size"": 4096, ""dtype"": ""torch.bfloat16"", ""eps"": 1e-06}",NVIDIA B200,2026-05-14 10:22:38,0.8.0
layer_norm,tilegym,backward,speed,ms,BT,sequence length,65536,0.8761920034885406,0.8749632000923158,0.8775872111320495,"{""hidden_size"": 4096, ""dtype"": ""torch.bfloat16"", ""eps"": 1e-06}",NVIDIA B200,2026-05-14 10:22:38,0.8.0
layer_norm,tilegym,backward,speed,ms,BT,sequence length,131072,1.714688003063202,1.7137600183486938,1.7151936054229737,"{""hidden_size"": 4096, ""dtype"": ""torch.bfloat16"", ""eps"": 1e-06}",NVIDIA B200,2026-05-14 10:22:38,0.8.0
layer_norm,tilegym,backward,speed,ms,BT,sequence length,262144,3.3941439390182495,3.391974353790283,3.396313524246216,"{""hidden_size"": 4096, ""dtype"": ""torch.bfloat16"", ""eps"": 1e-06}",NVIDIA B200,2026-05-14 10:22:38,0.8.0
layer_norm,liger,full,memory,MB,BT,sequence length,1024,44.69140625,44.69140625,44.69140625,"{""hidden_size"": 4096, ""dtype"": ""torch.bfloat16"", ""eps"": 1e-06}",NVIDIA B200,2026-05-14 10:22:38,0.8.0
layer_norm,liger,full,memory,MB,BT,sequence length,2048,84.6953125,84.6953125,84.6953125,"{""hidden_size"": 4096, ""dtype"": ""torch.bfloat16"", ""eps"": 1e-06}",NVIDIA B200,2026-05-14 10:22:38,0.8.0
layer_norm,liger,full,memory,MB,BT,sequence length,4096,164.703125,164.703125,164.703125,"{""hidden_size"": 4096, ""dtype"": ""torch.bfloat16"", ""eps"": 1e-06}",NVIDIA B200,2026-05-14 10:22:38,0.8.0
layer_norm,liger,full,memory,MB,BT,sequence length,8192,324.71875,324.71875,324.71875,"{""hidden_size"": 4096, ""dtype"": ""torch.bfloat16"", ""eps"": 1e-06}",NVIDIA B200,2026-05-14 10:22:38,0.8.0
layer_norm,liger,full,memory,MB,BT,sequence length,16384,644.75,644.75,644.75,"{""hidden_size"": 4096, ""dtype"": ""torch.bfloat16"", ""eps"": 1e-06}",NVIDIA B200,2026-05-14 10:22:38,0.8.0
layer_norm,liger,full,memory,MB,BT,sequence length,32768,1284.8125,1284.8125,1284.8125,"{""hidden_size"": 4096, ""dtype"": ""torch.bfloat16"", ""eps"": 1e-06}",NVIDIA B200,2026-05-14 10:22:38,0.8.0
layer_norm,liger,full,memory,MB,BT,sequence length,65536,2564.9375,2564.9375,2564.9375,"{""hidden_size"": 4096, ""dtype"": ""torch.bfloat16"", ""eps"": 1e-06}",NVIDIA B200,2026-05-14 10:22:38,0.8.0
layer_norm,liger,full,memory,MB,BT,sequence length,131072,5125.1875,5125.1875,5125.1875,"{""hidden_size"": 4096, ""dtype"": ""torch.bfloat16"", ""eps"": 1e-06}",NVIDIA B200,2026-05-14 10:22:38,0.8.0
layer_norm,liger,full,memory,MB,BT,sequence length,262144,10245.6875,10245.6875,10245.6875,"{""hidden_size"": 4096, ""dtype"": ""torch.bfloat16"", ""eps"": 1e-06}",NVIDIA B200,2026-05-14 10:22:38,0.8.0
layer_norm,huggingface,full,memory,MB,BT,sequence length,1024,40.0546875,40.0546875,40.0546875,"{""hidden_size"": 4096, ""dtype"": ""torch.bfloat16"", ""eps"": 1e-06}",NVIDIA B200,2026-05-14 10:22:39,0.8.0
layer_norm,huggingface,full,memory,MB,BT,sequence length,2048,80.0625,80.0625,80.0625,"{""hidden_size"": 4096, ""dtype"": ""torch.bfloat16"", ""eps"": 1e-06}",NVIDIA B200,2026-05-14 10:22:39,0.8.0
layer_norm,huggingface,full,memory,MB,BT,sequence length,4096,160.078125,160.078125,160.078125,"{""hidden_size"": 4096, ""dtype"": ""torch.bfloat16"", ""eps"": 1e-06}",NVIDIA B200,2026-05-14 10:22:39,0.8.0
layer_norm,huggingface,full,memory,MB,BT,sequence length,8192,320.109375,320.109375,320.109375,"{""hidden_size"": 4096, ""dtype"": ""torch.bfloat16"", ""eps"": 1e-06}",NVIDIA B200,2026-05-14 10:22:39,0.8.0
layer_norm,huggingface,full,memory,MB,BT,sequence length,16384,640.171875,640.171875,640.171875,"{""hidden_size"": 4096, ""dtype"": ""torch.bfloat16"", ""eps"": 1e-06}",NVIDIA B200,2026-05-14 10:22:39,0.8.0
layer_norm,huggingface,full,memory,MB,BT,sequence length,32768,1280.296875,1280.296875,1280.296875,"{""hidden_size"": 4096, ""dtype"": ""torch.bfloat16"", ""eps"": 1e-06}",NVIDIA B200,2026-05-14 10:22:39,0.8.0
layer_norm,huggingface,full,memory,MB,BT,sequence length,65536,2560.546875,2560.546875,2560.546875,"{""hidden_size"": 4096, ""dtype"": ""torch.bfloat16"", ""eps"": 1e-06}",NVIDIA B200,2026-05-14 10:22:39,0.8.0
layer_norm,huggingface,full,memory,MB,BT,sequence length,131072,5121.046875,5121.046875,5121.046875,"{""hidden_size"": 4096, ""dtype"": ""torch.bfloat16"", ""eps"": 1e-06}",NVIDIA B200,2026-05-14 10:22:39,0.8.0
layer_norm,huggingface,full,memory,MB,BT,sequence length,262144,10242.046875,10242.046875,10242.046875,"{""hidden_size"": 4096, ""dtype"": ""torch.bfloat16"", ""eps"": 1e-06}",NVIDIA B200,2026-05-14 10:22:39,0.8.0
layer_norm,tilegym,full,memory,MB,BT,sequence length,1024,44.69140625,44.69140625,44.69140625,"{""hidden_size"": 4096, ""dtype"": ""torch.bfloat16"", ""eps"": 1e-06}",NVIDIA B200,2026-05-14 10:22:39,0.8.0
layer_norm,tilegym,full,memory,MB,BT,sequence length,2048,84.6953125,84.6953125,84.6953125,"{""hidden_size"": 4096, ""dtype"": ""torch.bfloat16"", ""eps"": 1e-06}",NVIDIA B200,2026-05-14 10:22:39,0.8.0
layer_norm,tilegym,full,memory,MB,BT,sequence length,4096,164.703125,164.703125,164.703125,"{""hidden_size"": 4096, ""dtype"": ""torch.bfloat16"", ""eps"": 1e-06}",NVIDIA B200,2026-05-14 10:22:39,0.8.0
layer_norm,tilegym,full,memory,MB,BT,sequence length,8192,324.71875,324.71875,324.71875,"{""hidden_size"": 4096, ""dtype"": ""torch.bfloat16"", ""eps"": 1e-06}",NVIDIA B200,2026-05-14 10:22:39,0.8.0
layer_norm,tilegym,full,memory,MB,BT,sequence length,16384,644.75,644.75,644.75,"{""hidden_size"": 4096, ""dtype"": ""torch.bfloat16"", ""eps"": 1e-06}",NVIDIA B200,2026-05-14 10:22:39,0.8.0
layer_norm,tilegym,full,memory,MB,BT,sequence length,32768,1284.8125,1284.8125,1284.8125,"{""hidden_size"": 4096, ""dtype"": ""torch.bfloat16"", ""eps"": 1e-06}",NVIDIA B200,2026-05-14 10:22:39,0.8.0
layer_norm,tilegym,full,memory,MB,BT,sequence length,65536,2564.9375,2564.9375,2564.9375,"{""hidden_size"": 4096, ""dtype"": ""torch.bfloat16"", ""eps"": 1e-06}",NVIDIA B200,2026-05-14 10:22:39,0.8.0
layer_norm,tilegym,full,memory,MB,BT,sequence length,131072,5125.1875,5125.1875,5125.1875,"{""hidden_size"": 4096, ""dtype"": ""torch.bfloat16"", ""eps"": 1e-06}",NVIDIA B200,2026-05-14 10:22:39,0.8.0
layer_norm,tilegym,full,memory,MB,BT,sequence length,262144,10245.6875,10245.6875,10245.6875,"{""hidden_size"": 4096, ""dtype"": ""torch.bfloat16"", ""eps"": 1e-06}",NVIDIA B200,2026-05-14 10:22:39,0.8.0
layer_norm,liger,forward,memory,MB,BT,sequence length,1024,16.01953125,16.01953125,16.01953125,"{""hidden_size"": 4096, ""dtype"": ""torch.bfloat16"", ""eps"": 1e-06}",NVIDIA B200,2026-05-14 10:22:39,0.8.0
layer_norm,liger,forward,memory,MB,BT,sequence length,2048,32.0234375,32.0234375,32.0234375,"{""hidden_size"": 4096, ""dtype"": ""torch.bfloat16"", ""eps"": 1e-06}",NVIDIA B200,2026-05-14 10:22:39,0.8.0
layer_norm,liger,forward,memory,MB,BT,sequence length,4096,64.03125,64.03125,64.03125,"{""hidden_size"": 4096, ""dtype"": ""torch.bfloat16"", ""eps"": 1e-06}",NVIDIA B200,2026-05-14 10:22:39,0.8.0
layer_norm,liger,forward,memory,MB,BT,sequence length,8192,128.046875,128.046875,128.046875,"{""hidden_size"": 4096, ""dtype"": ""torch.bfloat16"", ""eps"": 1e-06}",NVIDIA B200,2026-05-14 10:22:39,0.8.0
layer_norm,liger,forward,memory,MB,BT,sequence length,16384,256.078125,256.078125,256.078125,"{""hidden_size"": 4096, ""dtype"": ""torch.bfloat16"", ""eps"": 1e-06}",NVIDIA B200,2026-05-14 10:22:39,0.8.0
layer_norm,liger,forward,memory,MB,BT,sequence length,32768,512.140625,512.140625,512.140625,"{""hidden_size"": 4096, ""dtype"": ""torch.bfloat16"", ""eps"": 1e-06}",NVIDIA B200,2026-05-14 10:22:39,0.8.0
layer_norm,liger,forward,memory,MB,BT,sequence length,65536,1024.265625,1024.265625,1024.265625,"{""hidden_size"": 4096, ""dtype"": ""torch.bfloat16"", ""eps"": 1e-06}",NVIDIA B200,2026-05-14 10:22:39,0.8.0
layer_norm,liger,forward,memory,MB,BT,sequence length,131072,2048.515625,2048.515625,2048.515625,"{""hidden_size"": 4096, ""dtype"": ""torch.bfloat16"", ""eps"": 1e-06}",NVIDIA B200,2026-05-14 10:22:39,0.8.0
layer_norm,liger,forward,memory,MB,BT,sequence length,262144,4097.015625,4097.015625,4097.015625,"{""hidden_size"": 4096, ""dtype"": ""torch.bfloat16"", ""eps"": 1e-06}",NVIDIA B200,2026-05-14 10:22:39,0.8.0
layer_norm,huggingface,forward,memory,MB,BT,sequence length,1024,16.0234375,16.0234375,16.0234375,"{""hidden_size"": 4096, ""dtype"": ""torch.bfloat16"", ""eps"": 1e-06}",NVIDIA B200,2026-05-14 10:22:39,0.8.0
layer_norm,huggingface,forward,memory,MB,BT,sequence length,2048,32.03125,32.03125,32.03125,"{""hidden_size"": 4096, ""dtype"": ""torch.bfloat16"", ""eps"": 1e-06}",NVIDIA B200,2026-05-14 10:22:39,0.8.0
layer_norm,huggingface,forward,memory,MB,BT,sequence length,4096,64.046875,64.046875,64.046875,"{""hidden_size"": 4096, ""dtype"": ""torch.bfloat16"", ""eps"": 1e-06}",NVIDIA B200,2026-05-14 10:22:39,0.8.0
layer_norm,huggingface,forward,memory,MB,BT,sequence length,8192,128.078125,128.078125,128.078125,"{""hidden_size"": 4096, ""dtype"": ""torch.bfloat16"", ""eps"": 1e-06}",NVIDIA B200,2026-05-14 10:22:39,0.8.0
layer_norm,huggingface,forward,memory,MB,BT,sequence length,16384,256.140625,256.140625,256.140625,"{""hidden_size"": 4096, ""dtype"": ""torch.bfloat16"", ""eps"": 1e-06}",NVIDIA B200,2026-05-14 10:22:39,0.8.0
layer_norm,huggingface,forward,memory,MB,BT,sequence length,32768,512.265625,512.265625,512.265625,"{""hidden_size"": 4096, ""dtype"": ""torch.bfloat16"", ""eps"": 1e-06}",NVIDIA B200,2026-05-14 10:22:39,0.8.0
layer_norm,huggingface,forward,memory,MB,BT,sequence length,65536,1024.515625,1024.515625,1024.515625,"{""hidden_size"": 4096, ""dtype"": ""torch.bfloat16"", ""eps"": 1e-06}",NVIDIA B200,2026-05-14 10:22:39,0.8.0
layer_norm,huggingface,forward,memory,MB,BT,sequence length,131072,2049.015625,2049.015625,2049.015625,"{""hidden_size"": 4096, ""dtype"": ""torch.bfloat16"", ""eps"": 1e-06}",NVIDIA B200,2026-05-14 10:22:39,0.8.0
layer_norm,huggingface,forward,memory,MB,BT,sequence length,262144,4098.015625,4098.015625,4098.015625,"{""hidden_size"": 4096, ""dtype"": ""torch.bfloat16"", ""eps"": 1e-06}",NVIDIA B200,2026-05-14 10:22:39,0.8.0
layer_norm,tilegym,forward,memory,MB,BT,sequence length,1024,16.01953125,16.01953125,16.01953125,"{""hidden_size"": 4096, ""dtype"": ""torch.bfloat16"", ""eps"": 1e-06}",NVIDIA B200,2026-05-14 10:22:39,0.8.0
layer_norm,tilegym,forward,memory,MB,BT,sequence length,2048,32.0234375,32.0234375,32.0234375,"{""hidden_size"": 4096, ""dtype"": ""torch.bfloat16"", ""eps"": 1e-06}",NVIDIA B200,2026-05-14 10:22:39,0.8.0
layer_norm,tilegym,forward,memory,MB,BT,sequence length,4096,64.03125,64.03125,64.03125,"{""hidden_size"": 4096, ""dtype"": ""torch.bfloat16"", ""eps"": 1e-06}",NVIDIA B200,2026-05-14 10:22:39,0.8.0
layer_norm,tilegym,forward,memory,MB,BT,sequence length,8192,128.046875,128.046875,128.046875,"{""hidden_size"": 4096, ""dtype"": ""torch.bfloat16"", ""eps"": 1e-06}",NVIDIA B200,2026-05-14 10:22:39,0.8.0
layer_norm,tilegym,forward,memory,MB,BT,sequence length,16384,256.078125,256.078125,256.078125,"{""hidden_size"": 4096, ""dtype"": ""torch.bfloat16"", ""eps"": 1e-06}",NVIDIA B200,2026-05-14 10:22:39,0.8.0
layer_norm,tilegym,forward,memory,MB,BT,sequence length,32768,512.140625,512.140625,512.140625,"{""hidden_size"": 4096, ""dtype"": ""torch.bfloat16"", ""eps"": 1e-06}",NVIDIA B200,2026-05-14 10:22:39,0.8.0
layer_norm,tilegym,forward,memory,MB,BT,sequence length,65536,1024.265625,1024.265625,1024.265625,"{""hidden_size"": 4096, ""dtype"": ""torch.bfloat16"", ""eps"": 1e-06}",NVIDIA B200,2026-05-14 10:22:39,0.8.0
layer_norm,tilegym,forward,memory,MB,BT,sequence length,131072,2048.515625,2048.515625,2048.515625,"{""hidden_size"": 4096, ""dtype"": ""torch.bfloat16"", ""eps"": 1e-06}",NVIDIA B200,2026-05-14 10:22:39,0.8.0
layer_norm,tilegym,forward,memory,MB,BT,sequence length,262144,4097.015625,4097.015625,4097.015625,"{""hidden_size"": 4096, ""dtype"": ""torch.bfloat16"", ""eps"": 1e-06}",NVIDIA B200,2026-05-14 10:22:39,0.8.0
layer_norm,liger,backward,memory,MB,BT,sequence length,1024,44.69140625,44.69140625,44.69140625,"{""hidden_size"": 4096, ""dtype"": ""torch.bfloat16"", ""eps"": 1e-06}",NVIDIA B200,2026-05-14 10:22:39,0.8.0
layer_norm,liger,backward,memory,MB,BT,sequence length,2048,84.6953125,84.6953125,84.6953125,"{""hidden_size"": 4096, ""dtype"": ""torch.bfloat16"", ""eps"": 1e-06}",NVIDIA B200,2026-05-14 10:22:39,0.8.0
layer_norm,liger,backward,memory,MB,BT,sequence length,4096,164.703125,164.703125,164.703125,"{""hidden_size"": 4096, ""dtype"": ""torch.bfloat16"", ""eps"": 1e-06}",NVIDIA B200,2026-05-14 10:22:39,0.8.0
layer_norm,liger,backward,memory,MB,BT,sequence length,8192,324.71875,324.71875,324.71875,"{""hidden_size"": 4096, ""dtype"": ""torch.bfloat16"", ""eps"": 1e-06}",NVIDIA B200,2026-05-14 10:22:39,0.8.0
layer_norm,liger,backward,memory,MB,BT,sequence length,16384,644.75,644.75,644.75,"{""hidden_size"": 4096, ""dtype"": ""torch.bfloat16"", ""eps"": 1e-06}",NVIDIA B200,2026-05-14 10:22:39,0.8.0
layer_norm,liger,backward,memory,MB,BT,sequence length,32768,1284.8125,1284.8125,1284.8125,"{""hidden_size"": 4096, ""dtype"": ""torch.bfloat16"", ""eps"": 1e-06}",NVIDIA B200,2026-05-14 10:22:39,0.8.0
layer_norm,liger,backward,memory,MB,BT,sequence length,65536,2564.9375,2564.9375,2564.9375,"{""hidden_size"": 4096, ""dtype"": ""torch.bfloat16"", ""eps"": 1e-06}",NVIDIA B200,2026-05-14 10:22:39,0.8.0
layer_norm,liger,backward,memory,MB,BT,sequence length,131072,5125.1875,5125.1875,5125.1875,"{""hidden_size"": 4096, ""dtype"": ""torch.bfloat16"", ""eps"": 1e-06}",NVIDIA B200,2026-05-14 10:22:39,0.8.0
layer_norm,liger,backward,memory,MB,BT,sequence length,262144,10245.6875,10245.6875,10245.6875,"{""hidden_size"": 4096, ""dtype"": ""torch.bfloat16"", ""eps"": 1e-06}",NVIDIA B200,2026-05-14 10:22:39,0.8.0
layer_norm,huggingface,backward,memory,MB,BT,sequence length,1024,40.0546875,40.0546875,40.0546875,"{""hidden_size"": 4096, ""dtype"": ""torch.bfloat16"", ""eps"": 1e-06}",NVIDIA B200,2026-05-14 10:22:39,0.8.0
layer_norm,huggingface,backward,memory,MB,BT,sequence length,2048,80.0625,80.0625,80.0625,"{""hidden_size"": 4096, ""dtype"": ""torch.bfloat16"", ""eps"": 1e-06}",NVIDIA B200,2026-05-14 10:22:39,0.8.0
layer_norm,huggingface,backward,memory,MB,BT,sequence length,4096,160.078125,160.078125,160.078125,"{""hidden_size"": 4096, ""dtype"": ""torch.bfloat16"", ""eps"": 1e-06}",NVIDIA B200,2026-05-14 10:22:39,0.8.0
layer_norm,huggingface,backward,memory,MB,BT,sequence length,8192,320.109375,320.109375,320.109375,"{""hidden_size"": 4096, ""dtype"": ""torch.bfloat16"", ""eps"": 1e-06}",NVIDIA B200,2026-05-14 10:22:39,0.8.0
layer_norm,huggingface,backward,memory,MB,BT,sequence length,16384,640.171875,640.171875,640.171875,"{""hidden_size"": 4096, ""dtype"": ""torch.bfloat16"", ""eps"": 1e-06}",NVIDIA B200,2026-05-14 10:22:39,0.8.0
layer_norm,huggingface,backward,memory,MB,BT,sequence length,32768,1280.296875,1280.296875,1280.296875,"{""hidden_size"": 4096, ""dtype"": ""torch.bfloat16"", ""eps"": 1e-06}",NVIDIA B200,2026-05-14 10:22:39,0.8.0
layer_norm,huggingface,backward,memory,MB,BT,sequence length,65536,2560.546875,2560.546875,2560.546875,"{""hidden_size"": 4096, ""dtype"": ""torch.bfloat16"", ""eps"": 1e-06}",NVIDIA B200,2026-05-14 10:22:39,0.8.0
layer_norm,huggingface,backward,memory,MB,BT,sequence length,131072,5121.046875,5121.046875,5121.046875,"{""hidden_size"": 4096, ""dtype"": ""torch.bfloat16"", ""eps"": 1e-06}",NVIDIA B200,2026-05-14 10:22:39,0.8.0
layer_norm,huggingface,backward,memory,MB,BT,sequence length,262144,10242.046875,10242.046875,10242.046875,"{""hidden_size"": 4096, ""dtype"": ""torch.bfloat16"", ""eps"": 1e-06}",NVIDIA B200,2026-05-14 10:22:39,0.8.0
layer_norm,tilegym,backward,memory,MB,BT,sequence length,1024,44.69140625,44.69140625,44.69140625,"{""hidden_size"": 4096, ""dtype"": ""torch.bfloat16"", ""eps"": 1e-06}",NVIDIA B200,2026-05-14 10:22:39,0.8.0
layer_norm,tilegym,backward,memory,MB,BT,sequence length,2048,84.6953125,84.6953125,84.6953125,"{""hidden_size"": 4096, ""dtype"": ""torch.bfloat16"", ""eps"": 1e-06}",NVIDIA B200,2026-05-14 10:22:39,0.8.0
layer_norm,tilegym,backward,memory,MB,BT,sequence length,4096,164.703125,164.703125,164.703125,"{""hidden_size"": 4096, ""dtype"": ""torch.bfloat16"", ""eps"": 1e-06}",NVIDIA B200,2026-05-14 10:22:39,0.8.0
layer_norm,tilegym,backward,memory,MB,BT,sequence length,8192,324.71875,324.71875,324.71875,"{""hidden_size"": 4096, ""dtype"": ""torch.bfloat16"", ""eps"": 1e-06}",NVIDIA B200,2026-05-14 10:22:39,0.8.0
layer_norm,tilegym,backward,memory,MB,BT,sequence length,16384,644.75,644.75,644.75,"{""hidden_size"": 4096, ""dtype"": ""torch.bfloat16"", ""eps"": 1e-06}",NVIDIA B200,2026-05-14 10:22:39,0.8.0
layer_norm,tilegym,backward,memory,MB,BT,sequence length,32768,1284.8125,1284.8125,1284.8125,"{""hidden_size"": 4096, ""dtype"": ""torch.bfloat16"", ""eps"": 1e-06}",NVIDIA B200,2026-05-14 10:22:39,0.8.0
layer_norm,tilegym,backward,memory,MB,BT,sequence length,65536,2564.9375,2564.9375,2564.9375,"{""hidden_size"": 4096, ""dtype"": ""torch.bfloat16"", ""eps"": 1e-06}",NVIDIA B200,2026-05-14 10:22:39,0.8.0
layer_norm,tilegym,backward,memory,MB,BT,sequence length,131072,5125.1875,5125.1875,5125.1875,"{""hidden_size"": 4096, ""dtype"": ""torch.bfloat16"", ""eps"": 1e-06}",NVIDIA B200,2026-05-14 10:22:39,0.8.0
layer_norm,tilegym,backward,memory,MB,BT,sequence length,262144,10245.6875,10245.6875,10245.6875,"{""hidden_size"": 4096, ""dtype"": ""torch.bfloat16"", ""eps"": 1e-06}",NVIDIA B200,2026-05-14 10:22:39,0.8.0
geglu,liger,full,speed,ms,T,sequence length,1024,9.660608291625977,9.660608291625977,9.660608291625977,"{""bsz"": 11, ""hidden_size"": 4096, ""intermediate_size"": 14336, ""hidden_act"": ""gelu_pytorch_tanh"", ""dtype"": ""torch.bfloat16""}",NVIDIA B200,2026-05-14 10:22:49,0.8.0
geglu,liger,full,speed,ms,T,sequence length,2048,19.3874568939209,19.3874568939209,19.3874568939209,"{""bsz"": 11, ""hidden_size"": 4096, ""intermediate_size"": 14336, ""hidden_act"": ""gelu_pytorch_tanh"", ""dtype"": ""torch.bfloat16""}",NVIDIA B200,2026-05-14 10:22:49,0.8.0
geglu,liger,full,speed,ms,T,sequence length,4096,38.60899353027344,38.60899353027344,38.60899353027344,"{""bsz"": 11, ""hidden_size"": 4096, ""intermediate_size"": 14336, ""hidden_act"": ""gelu_pytorch_tanh"", ""dtype"": ""torch.bfloat16""}",NVIDIA B200,2026-05-14 10:22:49,0.8.0
geglu,liger,full,speed,ms,T,sequence length,8192,81.41728210449219,81.41728210449219,81.41728210449219,"{""bsz"": 11, ""hidden_size"": 4096, ""intermediate_size"": 14336, ""hidden_act"": ""gelu_pytorch_tanh"", ""dtype"": ""torch.bfloat16""}",NVIDIA B200,2026-05-14 10:22:49,0.8.0
geglu,huggingface,full,speed,ms,T,sequence length,1024,9.463968276977539,9.463968276977539,9.463968276977539,"{""bsz"": 11, ""hidden_size"": 4096, ""intermediate_size"": 14336, ""hidden_act"": ""gelu_pytorch_tanh"", ""dtype"": ""torch.bfloat16""}",NVIDIA B200,2026-05-14 10:22:53,0.8.0
geglu,huggingface,full,speed,ms,T,sequence length,2048,20.275232315063477,20.275232315063477,20.275232315063477,"{""bsz"": 11, ""hidden_size"": 4096, ""intermediate_size"": 14336, ""hidden_act"": ""gelu_pytorch_tanh"", ""dtype"": ""torch.bfloat16""}",NVIDIA B200,2026-05-14 10:22:53,0.8.0
geglu,huggingface,full,speed,ms,T,sequence length,4096,38.184993743896484,38.184993743896484,38.184993743896484,"{""bsz"": 11, ""hidden_size"": 4096, ""intermediate_size"": 14336, ""hidden_act"": ""gelu_pytorch_tanh"", ""dtype"": ""torch.bfloat16""}",NVIDIA B200,2026-05-14 10:22:53,0.8.0
geglu,huggingface,full,speed,ms,T,sequence length,8192,80.24278259277344,80.24278259277344,80.24278259277344,"{""bsz"": 11, ""hidden_size"": 4096, ""intermediate_size"": 14336, ""hidden_act"": ""gelu_pytorch_tanh"", ""dtype"": ""torch.bfloat16""}",NVIDIA B200,2026-05-14 10:22:53,0.8.0
geglu,tilegym,full,speed,ms,T,sequence length,1024,8.575008392333984,8.575008392333984,8.575008392333984,"{""bsz"": 11, ""hidden_size"": 4096, ""intermediate_size"": 14336, ""hidden_act"": ""gelu_pytorch_tanh"", ""dtype"": ""torch.bfloat16""}",NVIDIA B200,2026-05-14 10:22:57,0.8.0
geglu,tilegym,full,speed,ms,T,sequence length,2048,19.198015213012695,19.198015213012695,19.198015213012695,"{""bsz"": 11, ""hidden_size"": 4096, ""intermediate_size"": 14336, ""hidden_act"": ""gelu_pytorch_tanh"", ""dtype"": ""torch.bfloat16""}",NVIDIA B200,2026-05-14 10:22:57,0.8.0
geglu,tilegym,full,speed,ms,T,sequence length,4096,37.945472717285156,37.945472717285156,37.945472717285156,"{""bsz"": 11, ""hidden_size"": 4096, ""intermediate_size"": 14336, ""hidden_act"": ""gelu_pytorch_tanh"", ""dtype"": ""torch.bfloat16""}",NVIDIA B200,2026-05-14 10:22:57,0.8.0
geglu,tilegym,full,speed,ms,T,sequence length,8192,78.46332550048828,78.46332550048828,78.46332550048828,"{""bsz"": 11, ""hidden_size"": 4096, ""intermediate_size"": 14336, ""hidden_act"": ""gelu_pytorch_tanh"", ""dtype"": ""torch.bfloat16""}",NVIDIA B200,2026-05-14 10:22:57,0.8.0
geglu,liger,forward,speed,ms,T,sequence length,1024,3.0424320697784424,3.0093311786651613,3.043603229522705,"{""bsz"": 11, ""hidden_size"": 4096, ""intermediate_size"": 14336, ""hidden_act"": ""gelu_pytorch_tanh"", ""dtype"": ""torch.bfloat16""}",NVIDIA B200,2026-05-14 10:23:01,0.8.0
geglu,liger,forward,speed,ms,T,sequence length,2048,6.021120071411133,6.021120071411133,6.021120071411133,"{""bsz"": 11, ""hidden_size"": 4096, ""intermediate_size"": 14336, ""hidden_act"": ""gelu_pytorch_tanh"", ""dtype"": ""torch.bfloat16""}",NVIDIA B200,2026-05-14 10:23:01,0.8.0
geglu,liger,forward,speed,ms,T,sequence length,4096,12.174431800842285,12.174431800842285,12.174431800842285,"{""bsz"": 11, ""hidden_size"": 4096, ""intermediate_size"": 14336, ""hidden_act"": ""gelu_pytorch_tanh"", ""dtype"": ""torch.bfloat16""}",NVIDIA B200,2026-05-14 10:23:01,0.8.0
geglu,liger,forward,speed,ms,T,sequence length,8192,25.112607955932617,25.112607955932617,25.112607955932617,"{""bsz"": 11, ""hidden_size"": 4096, ""intermediate_size"": 14336, ""hidden_act"": ""gelu_pytorch_tanh"", ""dtype"": ""torch.bfloat16""}",NVIDIA B200,2026-05-14 10:23:01,0.8.0
geglu,huggingface,forward,speed,ms,T,sequence length,1024,2.7752320766448975,2.7437824249267577,2.8470208644866943,"{""bsz"": 11, ""hidden_size"": 4096, ""intermediate_size"": 14336, ""hidden_act"": ""gelu_pytorch_tanh"", ""dtype"": ""torch.bfloat16""}",NVIDIA B200,2026-05-14 10:23:04,0.8.0
geglu,huggingface,forward,speed,ms,T,sequence length,2048,5.731616020202637,5.731616020202637,5.731616020202637,"{""bsz"": 11, ""hidden_size"": 4096, ""intermediate_size"": 14336, ""hidden_act"": ""gelu_pytorch_tanh"", ""dtype"": ""torch.bfloat16""}",NVIDIA B200,2026-05-14 10:23:04,0.8.0
geglu,huggingface,forward,speed,ms,T,sequence length,4096,11.899935722351074,11.899935722351074,11.899935722351074,"{""bsz"": 11, ""hidden_size"": 4096, ""intermediate_size"": 14336, ""hidden_act"": ""gelu_pytorch_tanh"", ""dtype"": ""torch.bfloat16""}",NVIDIA B200,2026-05-14 10:23:04,0.8.0
geglu,huggingface,forward,speed,ms,T,sequence length,8192,25.53241539001465,25.53241539001465,25.53241539001465,"{""bsz"": 11, ""hidden_size"": 4096, ""intermediate_size"": 14336, ""hidden_act"": ""gelu_pytorch_tanh"", ""dtype"": ""torch.bfloat16""}",NVIDIA B200,2026-05-14 10:23:04,0.8.0
geglu,tilegym,forward,speed,ms,T,sequence length,1024,2.61843204498291,2.6184128761291503,2.620908832550049,"{""bsz"": 11, ""hidden_size"": 4096, ""intermediate_size"": 14336, ""hidden_act"": ""gelu_pytorch_tanh"", ""dtype"": ""torch.bfloat16""}",NVIDIA B200,2026-05-14 10:23:07,0.8.0
geglu,tilegym,forward,speed,ms,T,sequence length,2048,5.893152236938477,5.893152236938477,5.893152236938477,"{""bsz"": 11, ""hidden_size"": 4096, ""intermediate_size"": 14336, ""hidden_act"": ""gelu_pytorch_tanh"", ""dtype"": ""torch.bfloat16""}",NVIDIA B200,2026-05-14 10:23:07,0.8.0
geglu,tilegym,forward,speed,ms,T,sequence length,4096,11.95417594909668,11.95417594909668,11.95417594909668,"{""bsz"": 11, ""hidden_size"": 4096, ""intermediate_size"": 14336, ""hidden_act"": ""gelu_pytorch_tanh"", ""dtype"": ""torch.bfloat16""}",NVIDIA B200,2026-05-14 10:23:07,0.8.0
geglu,tilegym,forward,speed,ms,T,sequence length,8192,24.467519760131836,24.467519760131836,24.467519760131836,"{""bsz"": 11, ""hidden_size"": 4096, ""intermediate_size"": 14336, ""hidden_act"": ""gelu_pytorch_tanh"", ""dtype"": ""torch.bfloat16""}",NVIDIA B200,2026-05-14 10:23:07,0.8.0
geglu,liger,backward,speed,ms,T,sequence length,1024,5.731264114379883,5.731264114379883,5.731264114379883,"{""bsz"": 11, ""hidden_size"": 4096, ""intermediate_size"": 14336, ""hidden_act"": ""gelu_pytorch_tanh"", ""dtype"": ""torch.bfloat16""}",NVIDIA B200,2026-05-14 10:23:11,0.8.0
geglu,liger,backward,speed,ms,T,sequence length,2048,11.438015937805176,11.438015937805176,11.438015937805176,"{""bsz"": 11, ""hidden_size"": 4096, ""intermediate_size"": 14336, ""hidden_act"": ""gelu_pytorch_tanh"", ""dtype"": ""torch.bfloat16""}",NVIDIA B200,2026-05-14 10:23:11,0.8.0
geglu,liger,backward,speed,ms,T,sequence length,4096,25.666719436645508,25.666719436645508,25.666719436645508,"{""bsz"": 11, ""hidden_size"": 4096, ""intermediate_size"": 14336, ""hidden_act"": ""gelu_pytorch_tanh"", ""dtype"": ""torch.bfloat16""}",NVIDIA B200,2026-05-14 10:23:11,0.8.0
geglu,liger,backward,speed,ms,T,sequence length,8192,52.73712158203125,52.73712158203125,52.73712158203125,"{""bsz"": 11, ""hidden_size"": 4096, ""intermediate_size"": 14336, ""hidden_act"": ""gelu_pytorch_tanh"", ""dtype"": ""torch.bfloat16""}",NVIDIA B200,2026-05-14 10:23:11,0.8.0
geglu,huggingface,backward,speed,ms,T,sequence length,1024,6.405216217041016,6.405216217041016,6.405216217041016,"{""bsz"": 11, ""hidden_size"": 4096, ""intermediate_size"": 14336, ""hidden_act"": ""gelu_pytorch_tanh"", ""dtype"": ""torch.bfloat16""}",NVIDIA B200,2026-05-14 10:23:14,0.8.0
geglu,huggingface,backward,speed,ms,T,sequence length,2048,12.48265552520752,12.48265552520752,12.48265552520752,"{""bsz"": 11, ""hidden_size"": 4096, ""intermediate_size"": 14336, ""hidden_act"": ""gelu_pytorch_tanh"", ""dtype"": ""torch.bfloat16""}",NVIDIA B200,2026-05-14 10:23:14,0.8.0
geglu,huggingface,backward,speed,ms,T,sequence length,4096,26.13475227355957,26.13475227355957,26.13475227355957,"{""bsz"": 11, ""hidden_size"": 4096, ""intermediate_size"": 14336, ""hidden_act"": ""gelu_pytorch_tanh"", ""dtype"": ""torch.bfloat16""}",NVIDIA B200,2026-05-14 10:23:14,0.8.0
geglu,huggingface,backward,speed,ms,T,sequence length,8192,53.10761642456055,53.10761642456055,53.10761642456055,"{""bsz"": 11, ""hidden_size"": 4096, ""intermediate_size"": 14336, ""hidden_act"": ""gelu_pytorch_tanh"", ""dtype"": ""torch.bfloat16""}",NVIDIA B200,2026-05-14 10:23:14,0.8.0
geglu,tilegym,backward,speed,ms,T,sequence length,1024,5.657695770263672,5.657695770263672,5.657695770263672,"{""bsz"": 11, ""hidden_size"": 4096, ""intermediate_size"": 14336, ""hidden_act"": ""gelu_pytorch_tanh"", ""dtype"": ""torch.bfloat16""}",NVIDIA B200,2026-05-14 10:23:18,0.8.0
geglu,tilegym,backward,speed,ms,T,sequence length,2048,12.548224449157715,12.548224449157715,12.548224449157715,"{""bsz"": 11, ""hidden_size"": 4096, ""intermediate_size"": 14336, ""hidden_act"": ""gelu_pytorch_tanh"", ""dtype"": ""torch.bfloat16""}",NVIDIA B200,2026-05-14 10:23:18,0.8.0
geglu,tilegym,backward,speed,ms,T,sequence length,4096,25.667583465576172,25.667583465576172,25.667583465576172,"{""bsz"": 11, ""hidden_size"": 4096, ""intermediate_size"": 14336, ""hidden_act"": ""gelu_pytorch_tanh"", ""dtype"": ""torch.bfloat16""}",NVIDIA B200,2026-05-14 10:23:18,0.8.0
geglu,tilegym,backward,speed,ms,T,sequence length,8192,50.2108154296875,50.2108154296875,50.2108154296875,"{""bsz"": 11, ""hidden_size"": 4096, ""intermediate_size"": 14336, ""hidden_act"": ""gelu_pytorch_tanh"", ""dtype"": ""torch.bfloat16""}",NVIDIA B200,2026-05-14 10:23:18,0.8.0
geglu,liger,full,memory,MB,T,sequence length,1024,2432.0,2432.0,2432.0,"{""bsz"": 11, ""hidden_size"": 4096, ""intermediate_size"": 14336, ""hidden_act"": ""gelu_pytorch_tanh"", ""dtype"": ""torch.bfloat16""}",NVIDIA B200,2026-05-14 10:23:21,0.8.0
geglu,liger,full,memory,MB,T,sequence length,2048,4016.0,4016.0,4016.0,"{""bsz"": 11, ""hidden_size"": 4096, ""intermediate_size"": 14336, ""hidden_act"": ""gelu_pytorch_tanh"", ""dtype"": ""torch.bfloat16""}",NVIDIA B200,2026-05-14 10:23:21,0.8.0
geglu,liger,full,memory,MB,T,sequence length,4096,7184.0,7184.0,7184.0,"{""bsz"": 11, ""hidden_size"": 4096, ""intermediate_size"": 14336, ""hidden_act"": ""gelu_pytorch_tanh"", ""dtype"": ""torch.bfloat16""}",NVIDIA B200,2026-05-14 10:23:21,0.8.0
geglu,liger,full,memory,MB,T,sequence length,8192,13520.0,13520.0,13520.0,"{""bsz"": 11, ""hidden_size"": 4096, ""intermediate_size"": 14336, ""hidden_act"": ""gelu_pytorch_tanh"", ""dtype"": ""torch.bfloat16""}",NVIDIA B200,2026-05-14 10:23:21,0.8.0
geglu,huggingface,full,memory,MB,T,sequence length,1024,3244.0,3244.0,3244.0,"{""bsz"": 11, ""hidden_size"": 4096, ""intermediate_size"": 14336, ""hidden_act"": ""gelu_pytorch_tanh"", ""dtype"": ""torch.bfloat16""}",NVIDIA B200,2026-05-14 10:23:24,0.8.0
geglu,huggingface,full,memory,MB,T,sequence length,2048,5752.0,5752.0,5752.0,"{""bsz"": 11, ""hidden_size"": 4096, ""intermediate_size"": 14336, ""hidden_act"": ""gelu_pytorch_tanh"", ""dtype"": ""torch.bfloat16""}",NVIDIA B200,2026-05-14 10:23:24,0.8.0
geglu,huggingface,full,memory,MB,T,sequence length,4096,10768.0,10768.0,10768.0,"{""bsz"": 11, ""hidden_size"": 4096, ""intermediate_size"": 14336, ""hidden_act"": ""gelu_pytorch_tanh"", ""dtype"": ""torch.bfloat16""}",NVIDIA B200,2026-05-14 10:23:24,0.8.0
geglu,huggingface,full,memory,MB,T,sequence length,8192,20800.0,20800.0,20800.0,"{""bsz"": 11, ""hidden_size"": 4096, ""intermediate_size"": 14336, ""hidden_act"": ""gelu_pytorch_tanh"", ""dtype"": ""torch.bfloat16""}",NVIDIA B200,2026-05-14 10:23:24,0.8.0
geglu,tilegym,full,memory,MB,T,sequence length,1024,2432.0,2432.0,2432.0,"{""bsz"": 11, ""hidden_size"": 4096, ""intermediate_size"": 14336, ""hidden_act"": ""gelu_pytorch_tanh"", ""dtype"": ""torch.bfloat16""}",NVIDIA B200,2026-05-14 10:23:27,0.8.0
geglu,tilegym,full,memory,MB,T,sequence length,2048,4016.0,4016.0,4016.0,"{""bsz"": 11, ""hidden_size"": 4096, ""intermediate_size"": 14336, ""hidden_act"": ""gelu_pytorch_tanh"", ""dtype"": ""torch.bfloat16""}",NVIDIA B200,2026-05-14 10:23:27,0.8.0
geglu,tilegym,full,memory,MB,T,sequence length,4096,7184.0,7184.0,7184.0,"{""bsz"": 11, ""hidden_size"": 4096, ""intermediate_size"": 14336, ""hidden_act"": ""gelu_pytorch_tanh"", ""dtype"": ""torch.bfloat16""}",NVIDIA B200,2026-05-14 10:23:27,0.8.0
geglu,tilegym,full,memory,MB,T,sequence length,8192,13520.0,13520.0,13520.0,"{""bsz"": 11, ""hidden_size"": 4096, ""intermediate_size"": 14336, ""hidden_act"": ""gelu_pytorch_tanh"", ""dtype"": ""torch.bfloat16""}",NVIDIA B200,2026-05-14 10:23:27,0.8.0
geglu,liger,forward,memory,MB,T,sequence length,1024,1500.0,1500.0,1500.0,"{""bsz"": 11, ""hidden_size"": 4096, ""intermediate_size"": 14336, ""hidden_act"": ""gelu_pytorch_tanh"", ""dtype"": ""torch.bfloat16""}",NVIDIA B200,2026-05-14 10:23:30,0.8.0
geglu,liger,forward,memory,MB,T,sequence length,2048,2600.0,2600.0,2600.0,"{""bsz"": 11, ""hidden_size"": 4096, ""intermediate_size"": 14336, ""hidden_act"": ""gelu_pytorch_tanh"", ""dtype"": ""torch.bfloat16""}",NVIDIA B200,2026-05-14 10:23:30,0.8.0
geglu,liger,forward,memory,MB,T,sequence length,4096,4800.0,4800.0,4800.0,"{""bsz"": 11, ""hidden_size"": 4096, ""intermediate_size"": 14336, ""hidden_act"": ""gelu_pytorch_tanh"", ""dtype"": ""torch.bfloat16""}",NVIDIA B200,2026-05-14 10:23:30,0.8.0
geglu,liger,forward,memory,MB,T,sequence length,8192,9200.0,9200.0,9200.0,"{""bsz"": 11, ""hidden_size"": 4096, ""intermediate_size"": 14336, ""hidden_act"": ""gelu_pytorch_tanh"", ""dtype"": ""torch.bfloat16""}",NVIDIA B200,2026-05-14 10:23:30,0.8.0
geglu,huggingface,forward,memory,MB,T,sequence length,1024,1808.0,1808.0,1808.0,"{""bsz"": 11, ""hidden_size"": 4096, ""intermediate_size"": 14336, ""hidden_act"": ""gelu_pytorch_tanh"", ""dtype"": ""torch.bfloat16""}",NVIDIA B200,2026-05-14 10:23:33,0.8.0
geglu,huggingface,forward,memory,MB,T,sequence length,2048,3216.0,3216.0,3216.0,"{""bsz"": 11, ""hidden_size"": 4096, ""intermediate_size"": 14336, ""hidden_act"": ""gelu_pytorch_tanh"", ""dtype"": ""torch.bfloat16""}",NVIDIA B200,2026-05-14 10:23:33,0.8.0
geglu,huggingface,forward,memory,MB,T,sequence length,4096,6032.0,6032.0,6032.0,"{""bsz"": 11, ""hidden_size"": 4096, ""intermediate_size"": 14336, ""hidden_act"": ""gelu_pytorch_tanh"", ""dtype"": ""torch.bfloat16""}",NVIDIA B200,2026-05-14 10:23:33,0.8.0
geglu,huggingface,forward,memory,MB,T,sequence length,8192,11664.0,11664.0,11664.0,"{""bsz"": 11, ""hidden_size"": 4096, ""intermediate_size"": 14336, ""hidden_act"": ""gelu_pytorch_tanh"", ""dtype"": ""torch.bfloat16""}",NVIDIA B200,2026-05-14 10:23:33,0.8.0
geglu,tilegym,forward,memory,MB,T,sequence length,1024,1500.0,1500.0,1500.0,"{""bsz"": 11, ""hidden_size"": 4096, ""intermediate_size"": 14336, ""hidden_act"": ""gelu_pytorch_tanh"", ""dtype"": ""torch.bfloat16""}",NVIDIA B200,2026-05-14 10:23:36,0.8.0
geglu,tilegym,forward,memory,MB,T,sequence length,2048,2600.0,2600.0,2600.0,"{""bsz"": 11, ""hidden_size"": 4096, ""intermediate_size"": 14336, ""hidden_act"": ""gelu_pytorch_tanh"", ""dtype"": ""torch.bfloat16""}",NVIDIA B200,2026-05-14 10:23:36,0.8.0
geglu,tilegym,forward,memory,MB,T,sequence length,4096,4800.0,4800.0,4800.0,"{""bsz"": 11, ""hidden_size"": 4096, ""intermediate_size"": 14336, ""hidden_act"": ""gelu_pytorch_tanh"", ""dtype"": ""torch.bfloat16""}",NVIDIA B200,2026-05-14 10:23:36,0.8.0
geglu,tilegym,forward,memory,MB,T,sequence length,8192,9200.0,9200.0,9200.0,"{""bsz"": 11, ""hidden_size"": 4096, ""intermediate_size"": 14336, ""hidden_act"": ""gelu_pytorch_tanh"", ""dtype"": ""torch.bfloat16""}",NVIDIA B200,2026-05-14 10:23:36,0.8.0
geglu,liger,backward,memory,MB,T,sequence length,1024,2432.0,2432.0,2432.0,"{""bsz"": 11, ""hidden_size"": 4096, ""intermediate_size"": 14336, ""hidden_act"": ""gelu_pytorch_tanh"", ""dtype"": ""torch.bfloat16""}",NVIDIA B200,2026-05-14 10:23:39,0.8.0
geglu,liger,backward,memory,MB,T,sequence length,2048,4016.0,4016.0,4016.0,"{""bsz"": 11, ""hidden_size"": 4096, ""intermediate_size"": 14336, ""hidden_act"": ""gelu_pytorch_tanh"", ""dtype"": ""torch.bfloat16""}",NVIDIA B200,2026-05-14 10:23:39,0.8.0
geglu,liger,backward,memory,MB,T,sequence length,4096,7184.0,7184.0,7184.0,"{""bsz"": 11, ""hidden_size"": 4096, ""intermediate_size"": 14336, ""hidden_act"": ""gelu_pytorch_tanh"", ""dtype"": ""torch.bfloat16""}",NVIDIA B200,2026-05-14 10:23:39,0.8.0
geglu,liger,backward,memory,MB,T,sequence length,8192,13520.0,13520.0,13520.0,"{""bsz"": 11, ""hidden_size"": 4096, ""intermediate_size"": 14336, ""hidden_act"": ""gelu_pytorch_tanh"", ""dtype"": ""torch.bfloat16""}",NVIDIA B200,2026-05-14 10:23:39,0.8.0
geglu,huggingface,backward,memory,MB,T,sequence length,1024,3244.0,3244.0,3244.0,"{""bsz"": 11, ""hidden_size"": 4096, ""intermediate_size"": 14336, ""hidden_act"": ""gelu_pytorch_tanh"", ""dtype"": ""torch.bfloat16""}",NVIDIA B200,2026-05-14 10:23:42,0.8.0
geglu,huggingface,backward,memory,MB,T,sequence length,2048,5752.0,5752.0,5752.0,"{""bsz"": 11, ""hidden_size"": 4096, ""intermediate_size"": 14336, ""hidden_act"": ""gelu_pytorch_tanh"", ""dtype"": ""torch.bfloat16""}",NVIDIA B200,2026-05-14 10:23:42,0.8.0
geglu,huggingface,backward,memory,MB,T,sequence length,4096,10768.0,10768.0,10768.0,"{""bsz"": 11, ""hidden_size"": 4096, ""intermediate_size"": 14336, ""hidden_act"": ""gelu_pytorch_tanh"", ""dtype"": ""torch.bfloat16""}",NVIDIA B200,2026-05-14 10:23:42,0.8.0
geglu,huggingface,backward,memory,MB,T,sequence length,8192,20800.0,20800.0,20800.0,"{""bsz"": 11, ""hidden_size"": 4096, ""intermediate_size"": 14336, ""hidden_act"": ""gelu_pytorch_tanh"", ""dtype"": ""torch.bfloat16""}",NVIDIA B200,2026-05-14 10:23:42,0.8.0
geglu,tilegym,backward,memory,MB,T,sequence length,1024,2432.0,2432.0,2432.0,"{""bsz"": 11, ""hidden_size"": 4096, ""intermediate_size"": 14336, ""hidden_act"": ""gelu_pytorch_tanh"", ""dtype"": ""torch.bfloat16""}",NVIDIA B200,2026-05-14 10:23:45,0.8.0
geglu,tilegym,backward,memory,MB,T,sequence length,2048,4016.0,4016.0,4016.0,"{""bsz"": 11, ""hidden_size"": 4096, ""intermediate_size"": 14336, ""hidden_act"": ""gelu_pytorch_tanh"", ""dtype"": ""torch.bfloat16""}",NVIDIA B200,2026-05-14 10:23:45,0.8.0
geglu,tilegym,backward,memory,MB,T,sequence length,4096,7184.0,7184.0,7184.0,"{""bsz"": 11, ""hidden_size"": 4096, ""intermediate_size"": 14336, ""hidden_act"": ""gelu_pytorch_tanh"", ""dtype"": ""torch.bfloat16""}",NVIDIA B200,2026-05-14 10:23:45,0.8.0
geglu,tilegym,backward,memory,MB,T,sequence length,8192,13520.0,13520.0,13520.0,"{""bsz"": 11, ""hidden_size"": 4096, ""intermediate_size"": 14336, ""hidden_act"": ""gelu_pytorch_tanh"", ""dtype"": ""torch.bfloat16""}",NVIDIA B200,2026-05-14 10:23:45,0.8.0
fused_linear_jsd,liger,forward,speed,ms,BT,B * T,1024,81.25955200195312,81.25955200195312,81.25955200195312,"{""hidden_size"": 4096, ""vocab_size"": 128256, ""dtype"": ""torch.bfloat16""}",NVIDIA B200,2026-05-14 10:23:54,0.8.0
fused_linear_jsd,liger,forward,speed,ms,BT,B * T,2048,94.04729461669922,94.04729461669922,94.04729461669922,"{""hidden_size"": 4096, ""vocab_size"": 128256, ""dtype"": ""torch.bfloat16""}",NVIDIA B200,2026-05-14 10:23:54,0.8.0
fused_linear_jsd,liger,forward,speed,ms,BT,B * T,4096,126.58483123779297,126.58483123779297,126.58483123779297,"{""hidden_size"": 4096, ""vocab_size"": 128256, ""dtype"": ""torch.bfloat16""}",NVIDIA B200,2026-05-14 10:23:54,0.8.0
fused_linear_jsd,liger,forward,speed,ms,BT,B * T,8192,160.35020446777344,160.35020446777344,160.35020446777344,"{""hidden_size"": 4096, ""vocab_size"": 128256, ""dtype"": ""torch.bfloat16""}",NVIDIA B200,2026-05-14 10:23:54,0.8.0
fused_linear_jsd,torch,forward,speed,ms,BT,B * T,1024,4.987040042877197,4.985427379608154,4.990028762817383,"{""hidden_size"": 4096, ""vocab_size"": 128256, ""dtype"": ""torch.bfloat16""}",NVIDIA B200,2026-05-14 10:23:54,0.8.0
fused_linear_jsd,torch,forward,speed,ms,BT,B * T,2048,9.46937608718872,9.463686752319337,9.471251296997071,"{""hidden_size"": 4096, ""vocab_size"": 128256, ""dtype"": ""torch.bfloat16""}",NVIDIA B200,2026-05-14 10:23:54,0.8.0
fused_linear_jsd,torch,forward,speed,ms,BT,B * T,4096,18.834367752075195,18.78800048828125,18.84346923828125,"{""hidden_size"": 4096, ""vocab_size"": 128256, ""dtype"": ""torch.bfloat16""}",NVIDIA B200,2026-05-14 10:23:54,0.8.0
fused_linear_jsd,torch,forward,speed,ms,BT,B * T,8192,37.473392486572266,37.44694519042969,37.499839782714844,"{""hidden_size"": 4096, ""vocab_size"": 128256, ""dtype"": ""torch.bfloat16""}",NVIDIA B200,2026-05-14 10:23:54,0.8.0
fused_linear_jsd,tilegym,forward,speed,ms,BT,B * T,1024,50.63676834106445,50.63676834106445,50.63676834106445,"{""hidden_size"": 4096, ""vocab_size"": 128256, ""dtype"": ""torch.bfloat16""}",NVIDIA B200,2026-05-14 10:23:57,0.8.0
fused_linear_jsd,tilegym,forward,speed,ms,BT,B * T,2048,55.04937744140625,55.04937744140625,55.04937744140625,"{""hidden_size"": 4096, ""vocab_size"": 128256, ""dtype"": ""torch.bfloat16""}",NVIDIA B200,2026-05-14 10:23:57,0.8.0
fused_linear_jsd,tilegym,forward,speed,ms,BT,B * T,4096,63.87196731567383,63.87196731567383,63.87196731567383,"{""hidden_size"": 4096, ""vocab_size"": 128256, ""dtype"": ""torch.bfloat16""}",NVIDIA B200,2026-05-14 10:23:57,0.8.0
fused_linear_jsd,tilegym,forward,speed,ms,BT,B * T,8192,81.85135650634766,81.85135650634766,81.85135650634766,"{""hidden_size"": 4096, ""vocab_size"": 128256, ""dtype"": ""torch.bfloat16""}",NVIDIA B200,2026-05-14 10:23:57,0.8.0
fused_linear_jsd,liger,backward,speed,ms,BT,B * T,1024,0.5131199955940247,0.5120000243186951,0.5141696095466614,"{""hidden_size"": 4096, ""vocab_size"": 128256, ""dtype"": ""torch.bfloat16""}",NVIDIA B200,2026-05-14 10:23:58,0.8.0
fused_linear_jsd,liger,backward,speed,ms,BT,B * T,2048,0.5160799920558929,0.5150399804115295,0.5171520113945007,"{""hidden_size"": 4096, ""vocab_size"": 128256, ""dtype"": ""torch.bfloat16""}",NVIDIA B200,2026-05-14 10:23:58,0.8.0
fused_linear_jsd,liger,backward,speed,ms,BT,B * T,4096,0.5192959904670715,0.5171200037002563,0.5212479829788208,"{""hidden_size"": 4096, ""vocab_size"": 128256, ""dtype"": ""torch.bfloat16""}",NVIDIA B200,2026-05-14 10:23:58,0.8.0
fused_linear_jsd,liger,backward,speed,ms,BT,B * T,8192,0.5314880013465881,0.5304191827774047,0.5325120091438293,"{""hidden_size"": 4096, ""vocab_size"": 128256, ""dtype"": ""torch.bfloat16""}",NVIDIA B200,2026-05-14 10:23:58,0.8.0
fused_linear_jsd,torch,backward,speed,ms,BT,B * T,1024,8.605695724487305,8.602560043334961,8.609760284423828,"{""hidden_size"": 4096, ""vocab_size"": 128256, ""dtype"": ""torch.bfloat16""}",NVIDIA B200,2026-05-14 10:23:59,0.8.0
fused_linear_jsd,torch,backward,speed,ms,BT,B * T,2048,16.117743492126465,16.105375289916992,16.160703659057617,"{""hidden_size"": 4096, ""vocab_size"": 128256, ""dtype"": ""torch.bfloat16""}",NVIDIA B200,2026-05-14 10:23:59,0.8.0
fused_linear_jsd,torch,backward,speed,ms,BT,B * T,4096,31.38252830505371,31.329709243774417,31.39231986999512,"{""hidden_size"": 4096, ""vocab_size"": 128256, ""dtype"": ""torch.bfloat16""}",NVIDIA B200,2026-05-14 10:23:59,0.8.0
fused_linear_jsd,torch,backward,speed,ms,BT,B * T,8192,64.06748962402344,64.06748962402344,64.06748962402344,"{""hidden_size"": 4096, ""vocab_size"": 128256, ""dtype"": ""torch.bfloat16""}",NVIDIA B200,2026-05-14 10:23:59,0.8.0
fused_linear_jsd,tilegym,backward,speed,ms,BT,B * T,1024,0.5190399885177612,0.5170559883117676,0.5201280117034912,"{""hidden_size"": 4096, ""vocab_size"": 128256, ""dtype"": ""torch.bfloat16""}",NVIDIA B200,2026-05-14 10:24:00,0.8.0
fused_linear_jsd,tilegym,backward,speed,ms,BT,B * T,2048,0.5201600193977356,0.5181120038032532,0.5212479829788208,"{""hidden_size"": 4096, ""vocab_size"": 128256, ""dtype"": ""torch.bfloat16""}",NVIDIA B200,2026-05-14 10:24:00,0.8.0
fused_linear_jsd,tilegym,backward,speed,ms,BT,B * T,4096,0.5263680219650269,0.5252799987792969,0.5274239778518677,"{""hidden_size"": 4096, ""vocab_size"": 128256, ""dtype"": ""torch.bfloat16""}",NVIDIA B200,2026-05-14 10:24:00,0.8.0
fused_linear_jsd,tilegym,backward,speed,ms,BT,B * T,8192,0.5365440249443054,0.5354880094528198,0.5375743746757508,"{""hidden_size"": 4096, ""vocab_size"": 128256, ""dtype"": ""torch.bfloat16""}",NVIDIA B200,2026-05-14 10:24:00,0.8.0
fused_linear_jsd,liger,full,speed,ms,BT,B * T,1024,81.76742553710938,81.76742553710938,81.76742553710938,"{""hidden_size"": 4096, ""vocab_size"": 128256, ""dtype"": ""torch.bfloat16""}",NVIDIA B200,2026-05-14 10:24:03,0.8.0
fused_linear_jsd,liger,full,speed,ms,BT,B * T,2048,94.31037139892578,94.31037139892578,94.31037139892578,"{""hidden_size"": 4096, ""vocab_size"": 128256, ""dtype"": ""torch.bfloat16""}",NVIDIA B200,2026-05-14 10:24:03,0.8.0
fused_linear_jsd,liger,full,speed,ms,BT,B * T,4096,127.22386932373047,127.22386932373047,127.22386932373047,"{""hidden_size"": 4096, ""vocab_size"": 128256, ""dtype"": ""torch.bfloat16""}",NVIDIA B200,2026-05-14 10:24:03,0.8.0
fused_linear_jsd,liger,full,speed,ms,BT,B * T,8192,161.0281219482422,161.0281219482422,161.0281219482422,"{""hidden_size"": 4096, ""vocab_size"": 128256, ""dtype"": ""torch.bfloat16""}",NVIDIA B200,2026-05-14 10:24:03,0.8.0
fused_linear_jsd,torch,full,speed,ms,BT,B * T,1024,13.58944034576416,13.587667083740236,13.59370231628418,"{""hidden_size"": 4096, ""vocab_size"": 128256, ""dtype"": ""torch.bfloat16""}",NVIDIA B200,2026-05-14 10:24:05,0.8.0
fused_linear_jsd,torch,full,speed,ms,BT,B * T,2048,25.58576011657715,25.526796722412108,26.005414962768555,"{""hidden_size"": 4096, ""vocab_size"": 128256, ""dtype"": ""torch.bfloat16""}",NVIDIA B200,2026-05-14 10:24:05,0.8.0
fused_linear_jsd,torch,full,speed,ms,BT,B * T,4096,49.865665435791016,49.865665435791016,49.865665435791016,"{""hidden_size"": 4096, ""vocab_size"": 128256, ""dtype"": ""torch.bfloat16""}",NVIDIA B200,2026-05-14 10:24:05,0.8.0
fused_linear_jsd,torch,full,speed,ms,BT,B * T,8192,103.52025604248047,103.52025604248047,103.52025604248047,"{""hidden_size"": 4096, ""vocab_size"": 128256, ""dtype"": ""torch.bfloat16""}",NVIDIA B200,2026-05-14 10:24:05,0.8.0
fused_linear_jsd,tilegym,full,speed,ms,BT,B * T,1024,51.30752182006836,51.30752182006836,51.30752182006836,"{""hidden_size"": 4096, ""vocab_size"": 128256, ""dtype"": ""torch.bfloat16""}",NVIDIA B200,2026-05-14 10:24:07,0.8.0
fused_linear_jsd,tilegym,full,speed,ms,BT,B * T,2048,55.75369644165039,55.75369644165039,55.75369644165039,"{""hidden_size"": 4096, ""vocab_size"": 128256, ""dtype"": ""torch.bfloat16""}",NVIDIA B200,2026-05-14 10:24:07,0.8.0
fused_linear_jsd,tilegym,full,speed,ms,BT,B * T,4096,64.4557113647461,64.4557113647461,64.4557113647461,"{""hidden_size"": 4096, ""vocab_size"": 128256, ""dtype"": ""torch.bfloat16""}",NVIDIA B200,2026-05-14 10:24:07,0.8.0
fused_linear_jsd,tilegym,full,speed,ms,BT,B * T,8192,82.08892822265625,82.08892822265625,82.08892822265625,"{""hidden_size"": 4096, ""vocab_size"": 128256, ""dtype"": ""torch.bfloat16""}",NVIDIA B200,2026-05-14 10:24:07,0.8.0
fused_linear_jsd,liger,full,memory,MB,BT,B * T,1024,5661.796875,5661.796875,5661.796875,"{""hidden_size"": 4096, ""vocab_size"": 128256, ""dtype"": ""torch.bfloat16""}",NVIDIA B200,2026-05-14 10:24:12,0.8.0
fused_linear_jsd,liger,full,memory,MB,BT,B * T,2048,6249.59375,6249.59375,6249.59375,"{""hidden_size"": 4096, ""vocab_size"": 128256, ""dtype"": ""torch.bfloat16""}",NVIDIA B200,2026-05-14 10:24:12,0.8.0
fused_linear_jsd,liger,full,memory,MB,BT,B * T,4096,7425.1875,7425.1875,7425.1875,"{""hidden_size"": 4096, ""vocab_size"": 128256, ""dtype"": ""torch.bfloat16""}",NVIDIA B200,2026-05-14 10:24:12,0.8.0
fused_linear_jsd,liger,full,memory,MB,BT,B * T,8192,9776.375,9776.375,9776.375,"{""hidden_size"": 4096, ""vocab_size"": 128256, ""dtype"": ""torch.bfloat16""}",NVIDIA B200,2026-05-14 10:24:12,0.8.0
fused_linear_jsd,torch,full,memory,MB,BT,B * T,1024,10609.00390625,10609.00390625,10609.00390625,"{""hidden_size"": 4096, ""vocab_size"": 128256, ""dtype"": ""torch.bfloat16""}",NVIDIA B200,2026-05-14 10:24:13,0.8.0
fused_linear_jsd,torch,full,memory,MB,BT,B * T,2048,17146.0078125,17146.0078125,17146.0078125,"{""hidden_size"": 4096, ""vocab_size"": 128256, ""dtype"": ""torch.bfloat16""}",NVIDIA B200,2026-05-14 10:24:13,0.8.0
fused_linear_jsd,torch,full,memory,MB,BT,B * T,4096,30220.015625,30220.015625,30220.015625,"{""hidden_size"": 4096, ""vocab_size"": 128256, ""dtype"": ""torch.bfloat16""}",NVIDIA B200,2026-05-14 10:24:13,0.8.0
fused_linear_jsd,torch,full,memory,MB,BT,B * T,8192,56368.03125,56368.03125,56368.03125,"{""hidden_size"": 4096, ""vocab_size"": 128256, ""dtype"": ""torch.bfloat16""}",NVIDIA B200,2026-05-14 10:24:13,0.8.0
fused_linear_jsd,tilegym,full,memory,MB,BT,B * T,1024,5145.1416015625,5145.1416015625,5145.1416015625,"{""hidden_size"": 4096, ""vocab_size"": 128256, ""dtype"": ""torch.bfloat16""}",NVIDIA B200,2026-05-14 10:24:16,0.8.0
fused_linear_jsd,tilegym,full,memory,MB,BT,B * T,2048,5216.2822265625,5216.2822265625,5216.2822265625,"{""hidden_size"": 4096, ""vocab_size"": 128256, ""dtype"": ""torch.bfloat16""}",NVIDIA B200,2026-05-14 10:24:16,0.8.0
fused_linear_jsd,tilegym,full,memory,MB,BT,B * T,4096,5358.5634765625,5358.5634765625,5358.5634765625,"{""hidden_size"": 4096, ""vocab_size"": 128256, ""dtype"": ""torch.bfloat16""}",NVIDIA B200,2026-05-14 10:24:16,0.8.0
fused_linear_jsd,tilegym,full,memory,MB,BT,B * T,8192,5643.1259765625,5643.1259765625,5643.1259765625,"{""hidden_size"": 4096, ""vocab_size"": 128256, ""dtype"": ""torch.bfloat16""}",NVIDIA B200,2026-05-14 10:24:16,0.8.0
